question,cluster,label,label_int
Internet mati nih,-1,problem,2.0
Harga STB berapa ya?,-1,information,0.0
Internet saya putus sambung,0,information,0.0
Mengapa saya tidak dapat mengisi formulir relokasi? setelah disubmit hanya blank,-1,,
mengapa ketika ingin melakukan pembayaran tidak dapat diproses?,-1,,
bisa dibantu informasikan prosedur pergantian paket layanan?,-1,,
apakah untuk pergantian paket layanan bisa sekaligus bundling promo tahunan?,-1,information,0.0
apakah jika saat proses pergantian paket layanan melalui Apps MyBiznet  terdapat kendala salah order bisa dicancel?,-1,information,0.0
Internet mati,-1,problem,2.0
apakah order promo bisa diproses berkali-kali?,-1,information,0.0
Internet saya mati min dari semalam,-1,problem,2.0
sudah dicoba restart tapi masih sama,-1,,
apa saja syarat untuk pergantian nama akun biznet?,0,information,0.0
berapa lama proses pergantian nama akun biznet?,0,information,0.0
apakah bisa request pemisahan akun jika dalam satu akun terdaftar 2 billing pembayaran?,-1,information,0.0
saya mau pasang baru,0,information,0.0
Ingin pasang baru,-1,,
apakah untuk pergantian email dan nomor telepon terdaftar harus mengisi form pergantian data?,-1,information,0.0
Ingin pasang baru di jonggol paket 0d,-1,,
bogor gunung putri,-1,,
boleh bantu ke cs ya,-1,,
Perum BDB 2 blok AS 12A rt 06 rw 13,-1,,
syarat relokasi apa saja?,0,information,0.0
cara mengecek cakupan area melalui apa ya?,-1,information,0.0
proses relokasi berapa lama?,-1,information,0.0
bilamana alamat baru belum tercakup layanan biznet apakah akun saya bisa dialihkan ke orang lain?,0,information,0.0
"bilamana alamat baru belum tercakup layanan biznet, syarat terminasi apa saja?",0,information,0.0
setelah pengisian form terminasi saya harus menunggu berapa lama untuk akun diterimasi?,-1,information,0.0
jika saya terminasi sebelum masa kontak langganan berakhir dikarenakan alamat baru belum tercakup apakah  tidak dikenakan biaya pinati?,-1,information,0.0
bilamana kedepannnya saya ingin berlangganan kembali apakah bisa menggunakan akun yang sebelumnya?,-1,information,0.0
apakah bisa freeze akun?,-1,information,0.0
apakah bisa jika saya tidak bayar sebulan karena akan keluar kota?,-1,information,0.0
jika saya tidak melakukan pembayaran sebulan apakah dikenakan pinalti?,0,information,0.0
bagaimana cara pendaftaran kartu kredit?,0,information,0.0
apa saja paket yang tersedia di biznet?,0,information,0.0
bagaimana cara beli modem?,0,information,0.0
ini kenapa ya los merah menyala pada modem saya?,0,information,0.0
bisa dicek ID pelanggan 1000308564 los meah menyala sejak pagi?,-1,,
los merah menyala sejak pagi,-1,,
"pada modem saya lampu merah menyala sejak pagi, bisa dicek?",0,information,0.0
apakah ada kompensasi jika koneksi internet biznet terputus berhari-hari?,0,information,0.0
"bagaimana jika saya salah melakukan pembayaran ke akun biznet orang lain, apakah uang saya bisa direfund?",0,information,0.0
Kamu sebagai apa di biznet,0,information,0.0
Apa kah kamu kenal dengan pak Adi,-1,information,0.0
Siapa owner biznet,-1,,
Itu kamu tau pak Adi owner biznet tadi ditanya gak tau,-1,,
Saya minta no WhatsApp nya dong,-1,,
Estimasi kunjungan teknisi biznet,-1,,
Channel IPTV Biznet apa aja ya ?,0,information,0.0
Mau refund dana Biznet,-1,,
Beberapa website tidak bisa diakses,-1,,
Bagaimana cara cek IP Server game valorant ?,-1,information,0.0
Berapa jarak ideal dari DP terdekat ke rumah untuk pemasangan ?,-1,information,0.0
cara relokasi layanan,-1,information,0.0
PSN tidak bisa konek,-1,,
Chromecast tidak bisa digunakan.,-1,,
Perbedaan frekuensi modem 2.4Ghz dan 5Ghz .,-1,,
Modem biznet wifi berapa ?,-1,information,0.0
Apakah modem Biznet sudah support wifi 6 ?,-1,information,0.0
Perbedaan wifi 5 dan wifi 6 modem ?,-1,,
Mau mengajukan sponsorship,-1,,
saya salah melakukan pembayaran ke akun orang lain,0,information,0.0
Apa kelemahan koneksi dengan fiber ?,-1,information,0.0
Kelemahan koneksi wifi,-1,,
fungsi parental control modem dan caranya,-1,,
Fungsi whitelist di modem,-1,,
fungsi blacklist modem,-1,,
Apa itu DDNS ?,-1,information,0.0
Bagaimana cara mengatur DDNS ?,0,information,0.0
cara pembayaran Biznet Home.,-1,information,0.0
Kuota habis,-1,,
Kuota saya tidak ter reset,-1,,
Kenapa Biznet tidak bisa menggunakan DNS Google .,-1,,
Rekomendasi router dari Biznet,0,information,0.0
Rekomendasi router tambahan dari Biznet,0,information,0.0
Internet saya down sudah 2 hari apa ada kompensasi ?,-1,information,0.0
Minimal speed yang didapatkan layanan 0D ?,-1,,
Balik nama akun.,-1,,
Berapa perangkat untuk 0D ?,1,information,0.0
Apa itu Biznet Wifi ?,-1,information,0.0
Hotspot Biznet,-1,,
Cara ganti layanan home ke metronet,-1,information,0.0
Internet saya down sejak semalam,-1,problem,2.0
informasi harga paket area manado min,-1,,
promo berlangganan 2D buy daerah bogor,-1,,
mau beli ekstra kuota gimana,-1,,
email biznet home,4,information,0.0
HOTLINE biznet home,4,information,0.0
harga promo 1D 12+5 jakarta,-1,,
Ping tinggi,-1,,
CCTV saya tidak berfungsi dengan koneksi biznet sementara koneksi lain tidak ada kendala.,-1,,
Saya tidak bisa akses App Biznet,-1,,
Tidak dapat membuka halaman aplikasi di situs https://app.biznet.id.,-1,,
Tidak dapat login ke akun Anda di https://app.biznet.id.,-1,,
cara cek coverage area,-1,information,0.0
Apakah saya bisa menambah Add On IPTV ?,-1,information,0.0
Apa syarat untuk berhenti berlangganan ?,0,information,0.0
cara pasang router tambahan,-1,information,0.0
kok bandwidth yang kudapat ngga sesuai sih???,-1,,
iya router seperti tenda,-1,,
kapan teknisinya datang,-1,information,0.0
kok tanggal jatuh tempo nya maju terus ya?,-1,,
Adakah perubahan nomor pelanggan utk biznet saya?,0,information,0.0
Adakah perubahan nomor ID pelanggan utk biznet saya?,-1,,
Kenapa My Biznet saya ada 2 akun atas nama orang lain?,0,information,0.0
Saya tidak dapat mengirim dan menerimal email,-1,,
modemnya rental sampai kapan ya?,-1,information,0.0
tanggal berapa biasanya akan terdebet?,-1,information,0.0
tanggal berapa cc biasanya akan terdebet?,-1,information,0.0
untuk permintaan add on kouta bisa melalui apa saja?,-1,information,0.0
bisa diinformasikan untuk reset kouta setiap tanggal berapa?,-1,information,0.0
bisa dicek ID pelanggan ini 1000308564 los merah menyala?,-1,,
di nabire sudah kaver belum,-1,,
apakah bisa cek status internet saya,0,information,0.0
koneksi terputus,-1,,
kalo lambat gmn,-1,problem,2.0
kalo internet lambat gmn ceknya,-1,problem,2.0
Apakah bisa melakukan perubahan paket?,0,information,0.0
"Mau tanya, kalo ini pingnya sesuai ga?",0,information,0.0
Cara relokasi,0,information,0.0
cara tau jumlah prangkat terhubng gimana,0,information,0.0
cara membeli promo,-1,information,0.0
di batam ada layanan apa aja,-1,information,0.0
kapan teknisi datang,-1,information,0.0
internet saya ada loss merah,-1,,
cara mengetahui cakupan area,-1,information,0.0
call center homecare,-1,,
berapa suhu modem seharusnya,0,information,0.0
internet saya lambat,-1,problem,2.0
Nomor call center homcare berapa,-1,information,0.0
harga promo home internet 1D,0,information,0.0
mau nambah router min jual ngga,-1,,
estimasi perbaikan kendala area sampai kapan?,-1,information,0.0
harga mesh wifi berapa?,-1,information,0.0
Estimasi waktu relokasi,-1,,
cara berlangganan biznet,0,information,0.0
internet Down,-1,problem,2.0
Harga visit berbayar,-1,,
cara order promo min,-1,information,0.0
cara pengajuan auto debit,-1,information,0.0
cara melakukan terminasi,-1,information,0.0
harga IPTV,0,information,0.0
Apakah perubahan paket menghanguskan masa aktif?,0,information,0.0
cara login ke mybiznet,-1,information,0.0
cara cek fup atau kuota,-1,information,0.0
pembelian IPTV,-1,,
"Kak, saya mau pasang wifi di alamat yg berbeda. Saya juga sempet tanya ke sales area jl h hasan kelurahan baru, an Mas Zikri. Tp contact beliau tidak bisa dihubungi lagi",-1,,
min modem saya hilang,0,information,0.0
mau masuk ke modem?,0,information,0.0
iya min cara akses ke modem mau ganti password,2,information,0.0
cara cek tanggal reset kuota?,-1,information,0.0
kendapa speed test lemah ya?,-1,,
Saya ada kendala login ke app Biznet sudah ganti password ngak bisa masuk2,-1,,
prediksi cuaca hari ini min,-1,,
Minta kompensasi karena internet kendala terus,0,information,0.0
cara mengganti password wifi,2,information,0.0
cek lokasi dong,-1,,
"Ka gmna ya sayang udah beres payment dari hari jumat janji di pasang sore ternyata gabisa katanya paling lambat pagi besok nya, tapi sampe sekrang belum datang datang gmna yah",-1,problem,2.0
harga promo biznet home internet 2D modem beli,0,information,0.0
harga modem biznet,0,information,0.0
Modem saya ada lampu merahnya min?,0,information,0.0
Jadwal reset fup,-1,,
sudah bayar tapi masa aktif gak sesuai kak?,-1,,
cara upgrade layanan,-1,information,0.0
jaringan saya putus sambung,-1,problem,2.0
"Mau berhenti berlangganan, Belum pasti nanti akan digunakan kembali atau tidak Pak",-1,,
cara melakukan pembayaran melalui virtual account BCA,-1,information,0.0
cara order promo,-1,information,0.0
cara melakukan relokasi,-1,information,0.0
Saya mau pindahin modem gimana caranya?,0,information,0.0
biaya relokasi,0,information,0.0
wifi saya bermasalah,-1,,
Kenapa reminder tidak masuk WA atau sms?,-1,,
Apakah ada promo untuk bulan ini?,0,information,0.0
Harga biznet home internet 1D,0,information,0.0
Ini kenapa ada biznet autodebet yg sudah saya cancel masih tetep masuk ya tagihannya ke credit card saya,-1,,
internet saya bermasalah,0,information,0.0
Virtual account BCA,-1,,
Virtual account permata,-1,,
Cara mengetahui id billing,-1,information,0.0
cara registrasi kembali,-1,information,0.0
harga home internet 0D,0,information,0.0
cara mengetahui masa aktif akun,-1,information,0.0
cara order modem biznet,-1,information,0.0
saya sudah bayar tapi belum aktif?,-1,,
kenapa bayar di atas jam 12 malam gak langsung aktif internetnya?,0,information,0.0
Cara pembayaran melalui tokopedia,-1,information,0.0
cara restart modem,-1,information,0.0
cara terminasi,-1,information,0.0
cara menambah installasi biznet,-1,information,0.0
Promo untuk pelanggan baru?,-1,,
mau ajuin perluasan wilayah gimana caranya?,0,information,0.0
cara menemukan sn modem,-1,information,0.0
cara mengetahui jumlah perangkat yang terhubung,-1,information,0.0
"Teman saya pelanggan Biznet kok dapat gratis kesehatan, saya tidak dapat?",-1,,
cara setting ke bridge,-1,information,0.0
cara mengetahui nomor pembayaran baru,-1,information,0.0
cara order promo melalui Mybiznet,-1,information,0.0
can you speak english?,-1,,
cara mendapatkan form relokasi,-1,information,0.0
"Hai, my connection internet is so bad, can you help me?",-1,,
cara add on kuota,-1,information,0.0
Biaya pinalty terminasi,-1,,
Cara setting CCTV?,-1,information,0.0
lampu modem loss merah,-1,,
cara setting CCTV pakai jaringan biznet,-1,information,0.0
nomor call center biznet home,-1,,
cara reset password mybiznet,-1,information,0.0
cara merubah e-mail terdaftar,-1,information,0.0
internet saya down dari semalam,-1,problem,2.0
Harga mesh wifi berapa,-1,information,0.0
Harga paket yang tersedia di Biznet Home,0,information,0.0
Harga paket yang tersedia untuk di Sumatera,-1,,
Apakah layanan Biznet Home dikenakan kontrak,0,information,0.0
Apakah masa kontrak berlaku untuk pelanggan yang membeli modem?,0,information,0.0
"Jika kuota utama habis, apakah internetnya tidak bisa digunakan?",0,information,0.0
Apa itu FUP,-1,information,0.0
Kapan kuota akan direset,-1,information,0.0
Apakah masa aktif terhitung 30 hari?,-1,information,0.0
Apakah Biznet Home memiliki promo,0,information,0.0
Apakah Biznet Home memiliki kompensasi,0,information,0.0
Apakah Biznet dapat melakukan refund jika terjadi kesalahan pembayaran?,-1,information,0.0
Apakah benar di beberapa area tidak diperlukan modem atau perangkat?,0,information,0.0
Bagaimana cara terminasi,0,information,0.0
Bagaimana cara relokasi,0,information,0.0
Bagaimana jika ingin relokasi namun alamat barunya tidak tercakup,0,information,0.0
Internetnya lambat,-1,problem,2.0
Apakah Biznet ada pemblokiran IP,0,information,0.0
Berapa maksimal device pada layanan 0D,-1,information,0.0
Berapa maksimal device pada layanan 1D,-1,information,0.0
Berapa maksimal device pada layanan 2D,-1,information,0.0
Berapa maksimal device pada layanan 3D,-1,information,0.0
Apakah bisa memiliki lebih dari 1 akun?,-1,information,0.0
Berapa lama proses pemasangan setelah dilakukan pembayaran,-1,information,0.0
Apakah dikenakan biaya jika alamat instalasi menggunakan jalur kabel bawah tanah?,0,information,0.0
Berapa biaya instalasi,0,information,0.0
Berapa harga modem membeli dan menyewa,0,information,0.0
Apakah Biznet memiliki masa tenggang?,0,information,0.0
Apakah modem bisa diganti jika terjadi kerusakan,0,information,0.0
"Jika akunnya sudah diterminasi, apakah bisa berlangganan kembali",0,information,0.0
Apakah ada garasi pada pembelian modem?,0,information,0.0
Apakah ada garansi pada pembelian modem?,0,information,0.0
Apakah ada garansi pada perangkat Biznet IPTV STB,0,information,0.0
Berapa biaya relokasi,0,information,0.0
"Jika skema modem diawal menyewa, apakah bisa dilakukan pembelian",0,information,0.0
Apakah dikenakan biaya jika ingin downgrade layanan?,-1,information,0.0
cara mengetaui billing ID,-1,information,0.0
cara pembayaran,-1,information,0.0
cara mengambil promo,-1,information,0.0
cara mengecek coverage area,-1,information,0.0
Apakah biznet memiliki SLA,0,information,0.0
Bagaimana cara memperluas jangkauan modem,0,information,0.0
Bagaimana mana cara memperluas jangkauan sinyal,-1,information,0.0
Jika terdapat LOS merah di modem apakah yang harus dilakukan,0,information,0.0
Bagaimana jika speed yang didapatkan tidak sesuai,-1,information,0.0
Apakah Biznet dapat dilakukan refund jika pelanggan tidak puas dengan layanannya,-1,information,0.0
Apakah Biznet menyediakan kabel LAN,0,information,0.0
"Jika terdapat kendala pada adaptor, apakah bisa diganti",-1,information,0.0
Bagaimana cara pembelian remote untuk STB,-1,information,0.0
Bagaimana jika IPTV hanya blank hitam saja,-1,information,0.0
Bagaimana cara restart STB,-1,information,0.0
Bagaimana cara restart modem,0,information,0.0
Apakah biznet memiliki layanan bandwidth on demand,-1,information,0.0
bagaimana cara registrasi Biznet,-1,information,0.0
Via portal apa saja untuk menghubungi Biznet customer service,-1,information,0.0
Apakah biznet metronet memiliki SLA,0,information,0.0
paket yang miliki ip public,-1,,
Apakah layanan Biznet Home upload dan downloadnya simetris,0,information,0.0
Bagaimana cara agar koneksi internet tetap stabil,-1,information,0.0
"Jika banyak perangkat yang terhubung pada modem, apakah akan berpengaruh pada speed yang didapatkan?",0,information,0.0
"Jika FUP yang digunakan sudah melebihi pemakaian, apa yang akan terjadi",-1,information,0.0
kalo nomor telepon Home care berapa ya? saya mau call,-1,information,0.0
Apakah jika banyak perangkat yang terhubung dapat mempengaruhi FUP,-1,information,0.0
Bagaimana cara pembelian extra kuota,0,information,0.0
Apakah bisa berlangganan kembali jika sudah melewati masa tenggang selama 45 hari,-1,information,0.0
"jika ingin menambahakan akun, apakah bisa menggunakan identitas yang sama",-1,information,0.0
Apakah bisa menggunakan e-mail dan nomor telepon yang sama,-1,information,0.0
apakah Biznet Home mengeluarkan invoice fisik,-1,information,0.0
Internet saya down bisa di bantu cek?,-1,problem,2.0
Berapa biaya visit berbayar,0,information,0.0
bagaimana cara merubah data,-1,information,0.0
cara mengajukan perpindahan tiang biznet sebagai non customer,-1,information,0.0
Bagaimana prtosedur relokasi?,0,information,0.0
Apa status modem saya?,-1,information,0.0
jika modem saya rusak apakah bisa dilakukan pergantian?,0,information,0.0
bagaimana cara cek IP address saya?,0,information,0.0
bagaimana cara lihat jumlah perangkat yang terhubung ke modem saya?,0,information,0.0
Berapa meter jarak ideal pemakaian wifi dari modem biznet,0,information,0.0
apakah ada loker di Biznet,0,information,0.0
apakah modem biznet bisa digunakan kembali jika saya pernah ajukan terminasi?,0,information,0.0
apakah akun saya bisa dialihkan ke orang lain?,0,information,0.0
apakah KTP yang sudah saya daftarkan bisa didaftarkan lagi?,-1,information,0.0
Apakah mybiznet ada aplikasinya di playstome atau appstore?,-1,information,0.0
apakah bisa ajukan terminasi melalui MyBiznet?,-1,information,0.0
apakah modem biznet bisa diganti dengan modem yang saya beli sendiri di luar?,0,information,0.0
bagaimana cara mengganti password wifi,2,information,0.0
apakah jaringan biznet bisa diperjual belikan lagi?,0,information,0.0
bagaimana cara mengganti SSID wifi,2,information,0.0
bagaimana cara membuat pembayaran menjadi auto debet,-1,information,0.0
kapan akan dikirimkan reminder pembayaran,-1,information,0.0
berapa meter jangkauan modem biznet,0,information,0.0
apakah jaringan Biznet free hotspot diluar bisa saya gunakan?,0,information,0.0
bagaimana cara berlangganan internetnya saja tanpa iptv,0,information,0.0
apakah perkantoran bisa menggunakan layanan Home?,-1,information,0.0
paket yang disarankan jika ingin menggunakan cctv,-1,,
bagaimana cara menambahkan kartu kredit,0,information,0.0
apakah akun saya bisa dialihkan ke non FUP?,-1,information,0.0
bagaimana cara memberhentikan kartu kredit,0,information,0.0
jika FUP saya habis apakah inet saya masih bisa digunakan?,0,information,0.0
apakah biznet menyediakan modem wireless?,0,information,0.0
bagaimana jika ingin terminasi namun terdapat kartu kredit,-1,information,0.0
Apakah perangkat akan diambil jika modemnya membeli,0,information,0.0
apakah tidak ada promo pembelian modem?,0,information,0.0
Apakah bisa dilakukan rekoneksi,0,information,0.0
apakah cabang gunung putri buka setiap hari?,-1,information,0.0
Apakah tiang biznet berwarna kuning,-1,information,0.0
apakah boleh saya datang ke cabang?,-1,information,0.0
Harga internet 1DS,0,information,0.0
Harga internet 0DS,0,information,0.0
Harga internet 3DS,0,information,0.0
Harga internet 1DW,0,information,0.0
Harga internet 2DW,0,information,0.0
Harga internet 3DW,0,information,0.0
Apakah Free Extra Quota hanya untuk pelanggan baru atau existing,-1,information,0.0
Ip yang didapatkan pada paket 1D,-1,,
bagaimana cara ubah password akun mybiznet?,2,information,0.0
cara stop auto debet?,-1,information,0.0
layanan IPTV biznet bisa terhubung ke berapa TV?,0,information,0.0
apakah stb tv biznet bisa ditukar jika rusak?,0,information,0.0
Mengapa masih mendapatkan reminder tagihan padahal sudah mengajukan relokasi,-1,,
apakah dapat menchandise jika pemasangan biznet?,0,information,0.0
Mengapa masih mendapatkan reminder tagihan padahal sudah mengajukan terminasi,-1,,
berapa harga remote iptv?,0,information,0.0
Apakah biznet menyediakan Merchandise,-1,information,0.0
Apakah biznet melakukan pemblokiran port,0,information,0.0
apakah remot tv iptv bisa beli diluar biznet?,0,information,0.0
bagaimana cara melakukan pergantian password pada akun MyBiznet,-1,information,0.0
Apakah sinyal modem akan mencakup seluruh ruangan,0,information,0.0
Apakah Biznet ada channel GBO,-1,information,0.0
Apakah Biznet ada channel HBO,-1,information,0.0
berapa lama proses installasi biznet?,0,information,0.0
apakah relokasi modem biznet bisa saya relokasi mandiri?,0,information,0.0
Halo internet saya down sejak kemarin bisa di cek,-1,problem,2.0
mengapa saya tidak bisa akses google.com menggunakan koneksi biznet?,0,information,0.0
Mengapa tidak bisa menggunakan DNS lain?,-1,,
apa itu DNS?,-1,information,0.0
Apakah bisa dilakukan perubahan atas nama,0,information,0.0
apa itu IP?,-1,information,0.0
Apakah biznet home mengeluarkan faktur pajak,0,information,0.0
apa bedanya IP static dan IP dinamic?,-1,information,0.0
"Apakah setiap melakukan pembayaran, pelanggan akan menerima konfirmasi pembayaran berhasil",0,information,0.0
Apakah Biznet Home bisa melakukan perubahan nama atas nama PT,0,information,0.0
Apakah bisa dilakukan perubahan paket dari Biznet Home ke Biznet Metronet,0,information,0.0
apa arti Biznet?,0,information,0.0
cara melakukan pembayaran via bank BRI,3,information,0.0
apakah biznet pempunya layanan telepon?,-1,information,0.0
cara melakukan pembayaran via bank Mandiri,3,information,0.0
cara melakukan pembayaran via Tokopedia,-1,information,0.0
cara melakukan pembayaran via Bank BCA,-1,information,0.0
Apakah layanan home memiliki jatuh tempo,-1,information,0.0
Apakah layanan home memiliki jatuh tempo setiap bulannya,-1,information,0.0
packet loss,-1,,
promo,-1,,
TV tidak bisa koneksi internet,-1,,
Smart TV saya terkendala,-1,,
STB Communication Error,-1,,
STB Connection Error,-1,,
Cara Factory Reset STB,-1,information,0.0
Cara melihat device yang terhubung di modem.,0,information,0.0
weak security pada iphone,-1,,
Rekomendasi router untuk game,-1,,
ping jumping,-1,,
Ada promo 3+1 ga,-1,,
youtube nya putus putus,-1,problem,2.0
sudah restart modem tapi masih sama,-1,,
bisakah datangkan teknisi,-1,,
oi putus nih inetnya,-1,problem,2.0
kenapa koneksi saya putus-putus?,-1,problem,2.0
Apakah MyBiznet bisa menampilkan banyak akun,-1,information,0.0
dimana kantor pusat biznet?,-1,,
apakah Biznet bisa membayar pasca bayar,0,information,0.0
Perbedaan IP Dynamic Private dan IP Public Dynamic,-1,,
Cek sisa kuota saya berapa?,0,information,0.0
Cara ubah paket,-1,information,0.0
ada promo 6+2 ga,-1,,
nomornya call center berapa?,-1,information,0.0
Call center layanan home berapa sih?,-1,information,0.0
Apakah saya bisa merubah tagihan perbulan menjadi pertahun ?,-1,information,0.0
internet terputus,-1,,
Boleh di bantu kendala internet down,-1,problem,2.0
Bisa menggunakan bahasa indonesia,-1,,
"Untuk Kartu kredit, tanggal berapa biasanya akan terdebet?",-1,information,0.0
bisa dicek ID pelanggan ini 10003 los merah menyala?,-1,,
kenapa koneksi internet saya putus nyambung?,0,information,0.0
mengapa saat saya main game ping nya tinggi?,-1,,
bagaimana cara mengecek kouat pemakaian saya dibulan ini?,0,information,0.0
saya ingin mengecek masa aktif akun saya sampai kapan?,0,information,0.0
Terminasi layanan Biznet kemana?,-1,,
Untuk change package bagaimana?,-1,information,0.0
Layanan internet LOS,-1,,
Jenis jenis paket Biznet Home apa aja min?,-1,information,0.0
Untuk paket HOME 0D benefitnya apa aja?,0,information,0.0
Apakah area saya di cibarusah sudah tercakup?,-1,information,0.0
Paket Home 3D benefitnya apa?,-1,information,0.0
kelurahan tebet sudah tercakup blm ya?,-1,,
Kalau biaya pemasangan baru berapa kak?,0,information,0.0
Promo perpanjangan ada apa aja kak?,0,information,0.0
internet saya mati,-1,problem,2.0
cara beli promo gemana ?,-1,information,0.0
Relokasi layanan Biznet Home?,0,information,0.0
apakah bisa membeli router tambahan dari biznet?,0,information,0.0
apakah ada pengeblokan port internet untuk layanan Biznet ?,0,information,0.0
Biaya relokasi layanan Biznet Home berapa kak?,0,information,0.0
Untuk harga paket di lokasi batam apakah dikenakan PPN kak?,-1,information,0.0
Kenapa VPN kantor saya tidak ada koneksi.,-1,,
Berapa harga STB Biznet?,0,information,0.0
Untuk biaya berlangganan IPTV berapa?,0,information,0.0
ping mobile legend tinggi,-1,,
kenapa hasil trace route ada RTO ?,-1,,
perbedaan speed dan bandwidth,-1,,
Berapa lama IP Biznet Home terganti,0,information,0.0
Cara cek coverage layanan Biznet Home,-1,information,0.0
Cara cek masa aktif layanan Biznet saya,0,information,0.0
Troubleshoot internet lambat,-1,problem,2.0
Troubleshoot modem blinking,-1,,
"Kabel fiber saya ada yang putus kak, saya harus gimana ya?",-1,problem,2.0
"Saya mau pasang Kak, untuk kebutuhan 3 orang kira-kira paket yang cocok apa ya?",-1,information,0.0
Kalo untuk layanan IPTV ada ga kak?,0,information,0.0
Untuk STB nya apakah ada biaya lagi?,-1,information,0.0
"Baik, untuk estimasi pemasangan baru berapa lama kak?",0,information,0.0
Untuk biaya pemasangannya apakah dibayarkan di awal?,0,information,0.0
Untuk layanan customer service Biznet Home bisa menghubungi kemana?,-1,,
Registrasi pemasangan baru bisa melalui apa?,-1,information,0.0
IP yang didapatkan dari paket Biznet Home apa ya Kak?,0,information,0.0
Untuk minimal berlangganannya selama berapa Bulan ya Kak?,0,information,0.0
Kalau telat melakukan pembayaran paket apakah ada denda kak?,0,information,0.0
Untuk biaya kunjungan petugas berapa?,0,information,0.0
Cara ubah password wifi di lokasi bagaimana?,2,information,0.0
"SSID saya hilang, bagaimana mengatasinya?",-1,information,0.0
Kenapa saya tidak bisa akses website lokal?,0,information,0.0
"SSID saya muncul, tapi tidak ada jaringan internetnya. Bagaimana ya kak agar bisa normal kembali?",0,information,0.0
Untuk username login myBiznet apa ya kak?,-1,information,0.0
Bagaimana cara ubah alamat Email terdaftar kak?,0,information,0.0
Apakah layanan Biznet bisa diganti kepemilikan?,0,information,0.0
Cara cek status billing pembayaran?,-1,information,0.0
Cek kode virtual akun pembayaran billing biznet home?,-1,,
koneksinya lambat,-1,problem,2.0
Internet saya putus,-1,problem,2.0
Inwt mati ni,-1,problem,2.0
Internet putus ni,-1,problem,2.0
Oke terus paket bixnet ada apa aha sih?,0,information,0.0
cara cek kuota,-1,information,0.0
Koneksi Lambat,-1,problem,2.0
Berapa harga paket 150mbps,-1,information,0.0
Tidak Ada Koneksi,-1,,
Relokasi,-1,,
Ubah Layanan,-1,,
kalau aku mau mengajukan penutupan akun apakah bisa?,0,information,0.0
Syarat Dan Ketentuan Layanan Biznet Home,0,information,0.0
cara melakukan registrasi ulang,-1,information,0.0
jaminan gangguan Layanan,-1,,
jumlah channel TV yang terdapat di dalam Layanan Biznet Biznet IPTV,0,information,0.0
masa tenggang Biznet,-1,,
bagaimana cara ikut prooo?,0,information,0.0
bagaimana cara ikut promo?,0,information,0.0
ada promo apa saja yang berlaku?,0,information,0.0
bagimana mau promo 9+3?,-1,,
kalo promo 3+1 gimana?,-1,,
promo 8+4 ada?,-1,,
saya maunya promo 6+6,-1,,
biaya instalasi,-1,,
mau 12+5 deh kak,-1,,
biaya perangkat Biznet WiFi Fiber Modem,-1,,
biaya  Home Internet 0DS,-1,,
saya mau terminasi,-1,,
biaya perangkat  layanan Biznet IPTV,0,information,0.0
Biaya yang timbul akibat relokasi,0,information,0.0
biaya setiap bulan  Biznet IPTV,0,information,0.0
garansi untuk perangkat Biznet WiFi Fiber Modem,-1,,
garansi perangkat Biznet IPTV STB,0,information,0.0
biaya sewa perangkat setiap bulan  Biznet WiFi Fiber Modem,-1,,
biaya penalti Apabila Pelanggan melakukan terminasi sebelum habis masa kontrak,-1,,
berapa lama proses instalasi hingga layanan aktif,-1,information,0.0
"proses penjadwalan instalasi, aktivasi dan relokasi membutuhkan waktu?",-1,,
ara Mempercepat Jaringan WiFi Biznet,-1,,
Cara Mempercepat Jaringan WiFi Biznet,-1,information,0.0
Cara Mengatasi WiFi Biznet Lemot,-1,information,0.0
Biznet Smart Internet WiFi,-1,,
apakah modem saya akan dilakukan pengambilan?,0,information,0.0
apakah ada biaya terminasi?,0,information,0.0
syarat mengajukan terminasi apa saja?,-1,information,0.0
saya mau ganti modem,0,information,0.0
bagaimana cara ganti modem,0,information,0.0
cara ganti modem rusak,0,information,0.0
cara beli router tambahan,-1,information,0.0
apakah bisa memanggil teknisi untuk setting router?,-1,information,0.0
bagaimana cara memindahkan modem Biznet?,0,information,0.0
jenis paket internet biznet apa saja?,0,information,0.0
perbedaan jenis ip layanan biznet apa saja?,0,information,0.0
paket 1d jenis ip apa?,-1,information,0.0
paket 2d jenis ip apa?,-1,information,0.0
paket 3d jenis ip apa?,-1,information,0.0
Bandiwth 1D berapa?,-1,information,0.0
Bandiwth 2D berapa?,-1,information,0.0
Bandiwth 3D berapa?,-1,information,0.0
bagaimana cari downgrade?,-1,information,0.0
bagaimana cara upgrade?,-1,information,0.0
ada lampu loss merah,-1,,
bagaimana cara cek status modem?,0,information,0.0
apakah ada layanan IP Statik?,-1,information,0.0
bagaimana agar ip saya berubah?,0,information,0.0
modam saya mati total,-1,problem,2.0
bagaimana cek sisa kuota saya?,0,information,0.0
bagaimana cara ganti password wifi,2,information,0.0
bagaimana cek apakah modem sudah support 5G?,-1,information,0.0
kapan saya harus isi ulang kuota?,-1,information,0.0
bagaimana cara beli xtra kuota?,0,information,0.0
berapa jumlah bandwodth over kuota?,-1,information,0.0
berapa perangkat untuk 0d?,1,information,0.0
berapa perangkat untuk 1D?,1,information,0.0
berapa perangkat untuk 2D?,1,information,0.0
berapa perangkat untuk 3D?,1,information,0.0
berapa perangkat untuk 0ds?,1,information,0.0
berapa perangkat untuk 1ds?,1,information,0.0
berapa perangkat untuk 2ds?,1,information,0.0
berapa perangkat untuk 3ds?,1,information,0.0
berapa perangkat untuk 0dw?,1,information,0.0
berapa perangkat untuk 1dw?,1,information,0.0
berapa perangkat untuk 2dw?,1,information,0.0
berapa perangkat untuk 3dw?,1,information,0.0
berapa perangkat untuk 1dn?,1,information,0.0
paket 1dn untuk area mana?,-1,,
paket 1ds untuk area mana?,-1,,
harga net dari layanan 3D gamers berapa?,-1,information,0.0
Layanan yang di sarankan untuk menggunakan CCTV,0,information,0.0
Layanan Biznet Home yang di rekomendasikan untuk main game,-1,,
"internet lambat sekali, ada saran mengatasinya?",-1,problem,2.0
keunggulan layanan 0D apa aja ya,-1,information,0.0
apakah layanan biznet home 0D dapat digunakan untuk CCTV?,0,information,0.0
"internet saya lampu los berkedip, itu kenapa ya?",0,information,0.0
jika internet putus nyambung itu kenapa ya?,0,information,0.0
"saya dan tetangga saya internetnya biznetnya mati, itu kenapa ya?",0,information,0.0
ada promo apa saja pada bulan desember ini?,0,information,0.0
"kalo saya mau promo 3+1 layanan 0D, kena berapa tagihannya?",-1,information,0.0
bisa tidak pengajuan IPTV untuk layanan 0D?,0,information,0.0
layanan apa ya kalo saya mau pasang IPTV yang cocok?,0,information,0.0
"saya mau pasang IPTV dong, gimana caranya?",0,information,0.0
"kalo layanan saya 1D dan ingin menggunakan IPTV, tagihannya di kenakan berapa?",0,information,0.0
Untuk STB IPTV free atau dikenakan biaya?,0,information,0.0
"layanan 3D tidak dapat buka game ps4 online, itu kenapa?",-1,,
jika kita tidak dapat akses website game steam dengan menggunakan layanan 3D itu kenapa ya?,-1,,
"Saya mau main dota 2, sudah berhasil masuk ke steam, tapi saya tidak dapat akses dota 2, kenapa ya?",-1,,
"layanan saya biznet 3D, saya mau main dota 2, sudah berhasil masuk ke steam, tapi saya tidak dapat akses dota 2, kenapa ya?",-1,,
Internet saya down sejak semalam bisa di bantu?,-1,problem,2.0
tanggal berapa biasanya akan terdebet untuk kartu kredit?,-1,information,0.0
tanggal berapa biasanya akan terdebet untuk payment via kartu kredit?,-1,information,0.0
Internet saya down bisa di cek,-1,problem,2.0
di area gunung putri sudah ada jaringan belum?,-1,,
Halo internet saya down,-1,problem,2.0
Internet saya down,-1,problem,2.0
Cara rubah paket gimana,0,information,0.0
Halo internet saya down bisa di cek?,-1,problem,2.0
harga Biznet Home 1D berapa ya?,0,information,0.0
Harga Biznet Home 1D berapa?,0,information,0.0
bisa di bantu informasikan menu quota tambahan biznet home?,-1,,
apakah quota tambahan akan hangus jika FUP utama sudah reset?,-1,information,0.0
Apakah extra quota memiliki harga yang sama pada setiap layanan Biznet Home?,-1,information,0.0
langkah langkah lakukan bridge modem Biznet bagaimana?,0,information,0.0
"jika router external kami rusak, apakah dapat dibantu dari sisi Biznet?",0,information,0.0
apakah pergantian layanan menghanguskan sisa masa aktif?,-1,information,0.0
apakah dikenakan biaya tambahan jika ingin merubah layanan?,0,information,0.0
apakah pergantian layanan dan pembelian modem bisa di proses secara bersamaan?,0,information,0.0
Apakah pembelian modem akan menghanguskan sisa masa aktif?,0,information,0.0
"saya ingin membeli modem dengan layanan 1D, berapa biaya yang harus saya keluarkan?",0,information,0.0
apakah kita dapat masuk ke pengaturan modem pribadi?,0,information,0.0
"saya ingin mengganti password wifi secara mandiri, apakah dapat dilakukan?",-1,information,0.0
"saya tidak dapat akses website tertentu, dapat dibantu?",-1,,
"Saya tidak dapat akses youtube.com, apakah dapat dibantu?",-1,information,0.0
jika saya relokasi apakah dikenakan biaya?,0,information,0.0
Bagaimana cara setting smtp email menggunakan jaringan biznet,-1,information,0.0
"saya ingin pindah dari jakarta ke bali, apakah dapat dilakukan relokasi?",-1,information,0.0
Apakah saya perlu membwa modem ke lokasi baru jika ingin relokasi?,0,information,0.0
kenapa koneksi saya sering RTO ketika akses beberapa website?,0,information,0.0
"Jika saya ingin memindahkan modem dari lantai 1 ke lantai 2, apakah dikenakan biaya?",0,information,0.0
"saya ingin menambah router tamban untuk memperluas jaringan Biznet, apakah ada rekomendasi perangkat?",0,information,0.0
kenapa saya tidak bisa akses disney hotstar? keterangannya koneksi saya menggunakan vpn,-1,,
apakah *Deco M4 TP-Link Mesh* menggunakan kabel atau wireless?,-1,information,0.0
bagaimana cara saya mengetahui IP dari game di pc saya?,-1,information,0.0
apakah biznet Home meyediakan IP static?,-1,information,0.0
kenapa jaringan saya suka up down dalam beberapa hari terakhir?,-1,problem,2.0
"Saya ingin membuka warnet, layanan Biznet apa yang cocok untuk warnet?",-1,information,0.0
apakah untuk layanan 3D mendapatkan ip static?,-1,information,0.0
Bisa dibantu langkah untuk mengatur NAT pada playstation?,-1,,
bagaimana saya cek sisa kuota saya?,0,information,0.0
apakah layanan 0D dapat digunakan sampai dengan 10 perangkat?,-1,information,0.0
saya ingin mengaktifkan akun saya kembali namun saya terakhir melakukan pembayaran 2 bulan yang lalu. Apakah bisa di bantu?,-1,information,0.0
"saya tidak dapat akses game handphone melalui biznet home 1D, ada saran?",-1,,
saya ingin membeli modem apakah bisa di proses di hari ini?,0,information,0.0
"Saya ingin membayarkan tagihan melalui bank bsi, apakah bisa?",3,information,0.0
remote iptv saya rusak,0,information,0.0
Apakah IP akan terganti jika kita restart modem dengan layanan Bizne Home?,0,information,0.0
berapa biaya pergantian remote IPTV,0,information,0.0
"Saya ingin mengganti data pada akun layanan saya, bisa dibantu?",-1,,
berapa lama garansi modem biznet?,0,information,0.0
apakah biznet ada sistem kontrak untuk pemasangan baru?,0,information,0.0
bukti pembayaran saya belum terima,-1,,
Bagaimana cara saya merubah password wifi saya?,2,information,0.0
Berapa kapasitas bandwidth yang bisa di dapatkan jika saya menggunakan kabel LAN?,-1,information,0.0
saya mau cek quota saya,-1,,
bagaimana cara ubah jaringan saya dengan mode bridge,-1,information,0.0
internet saya tidak bisa di gunakan pada macbook saya,0,information,0.0
kenapa bandwidth saya tidak sesuai dengan paket yang saya ambil,-1,,
Kenapa saya tidak bisa menggunakan port 525,-1,,
bagaimana cara membatasi penggunaan koneksi di modem biznet,0,information,0.0
Bagaimana cara aktivasi akun MyBiznet?,0,information,0.0
Internet saya lambat bandwidthnya tidak sesuai,-1,problem,2.0
Bagaimana cara cek ping dan tracert,-1,information,0.0
bagaimana jika saya ingin melakukan penambahan layanan pemasangan di lokasi baru?,0,information,0.0
Saya mau melakukan perpanjangan wifi,-1,,
saya ingin tau promo yang berlaku,-1,,
Berapa nomor virtual account untuk melakukan pembayaran.,-1,information,0.0
Nomor virtual account BSI,-1,,
info masa tenggang,-1,,
cara perpanjang,-1,information,0.0
cara langganan iptv gimana,0,information,0.0
bisa combo sama home 0d ngga,-1,,
kalau dicombo sama 1d bisa?,-1,,
jadi total tagihan aku kalau sama IPTV berapa?,-1,information,0.0
lupa email login aplikasi,-1,,
Mau tanya kok tempat saya ssidnya hilang ya ?,-1,,
"sudah, tapi masih hilang",-1,,
parameter modem normal apa,-1,information,0.0
pon blinking,-1,,
mau downgrade,-1,,
"kalau downgrade sekarang, masa aktifku gimana?",-1,,
masa aktifku sampai kapan?,-1,information,0.0
berarti ngga bisa downgrade sekarang ya?,-1,,
paket yang lebih rendah dari yg kupakai sekarang ada apa aja?,0,information,0.0
ada kompensasi ngga kalau nanti ada kendala,-1,,
kalau mau minta invoice gimana,-1,,
kalau ngga bisa bayar lebih dari 45 hari gimana min,-1,,
kok ga bisa akses situs perbankan,3,information,0.0
min mau daftar untuk di  JL TLK LAMPUNG,-1,,
di lampung ada paket apa aja,0,information,0.0
biaya instalasi sama modem berapa?,0,information,0.0
ada promo apa aja untuk lampung,0,information,0.0
"cara pasang baru, di JL PULAU SULAWESI",-1,information,0.0
sulawesi ada paket apa aja,-1,information,0.0
kalau mau relokasi gimana,0,information,0.0
mau ubah status modem jadi buy min,-1,,
mau ikut promo,-1,,
cara login ke aplikasi gimana,-1,information,0.0
cara beli ekstra kuota gimana,0,information,0.0
itu kapan resetnya,-1,information,0.0
mau terminasi,-1,,
min sewa sama beli modem bedanya apa,0,information,0.0
min portnya keblokir,-1,,
tipe kabelnya apa min,-1,information,0.0
biznet jualan router ngga biar sinyal jauh,0,information,0.0
mau pindah modem cuman geser dikit gimana caranya,0,information,0.0
"min, TV ngga ada channel",-1,,
ada internet ngga bisa browsing,-1,,
min dns biznet apa,-1,information,0.0
ngga bisa kirim email pakai internet biznet,-1,,
username password pppoe aku apa,-1,information,0.0
mau setting modem sendiri gimana caranya,0,information,0.0
cara tau vlan id gimana min,-1,information,0.0
bisa nambah modem lagi min?,0,information,0.0
harga pasang baru di lokasi sama min,-1,,
ada paket apa aja min,0,information,0.0
Mau cek kuota dong,-1,,
Paket biznet,0,information,0.0
Cara login ke aplikasi genana ?,-1,information,0.0
Web biznet,4,information,0.0
Halo internet saya down bisa di bantu cek?,-1,problem,2.0
internet down sejak semalam,-1,problem,2.0
Kalo beli modem beraps,0,information,0.0
Min informasi paket yang bisa 10 device,-1,,
Cara download aplikasi my biznet dimana,-1,information,0.0
Saya ingin berlangganan namun bingung harus mulai darimana?,-1,,
Cara mengetahui alamat sudah tercover atau belum gimana?,-1,information,0.0
Jalan aster blok d5 no6 kelurahan sukatani kecamatan tapos kota depok kode pos 16454 apakah sudah tercover jaringan interner Biznet?,-1,information,0.0
Untuk proses selanjutnya jika alamat tempat tinggal saya sudah tercover jaringan Biznet seperti apa atau bagimana?,-1,information,0.0
jl. kerajinan 1 puri bunga amanah blok c/13 udah ke cover belum,-1,,
"Saya sudah membuka website Biznethome.net namun tidak menemukan menu pendaftaran, bisa dibantu?",-1,,
Min internet lambat,-1,problem,2.0
"Min internet dirumah indikator LOS nya merah, kenapa ya?",-1,,
Kalau internet lambat disebabkan apa min,-1,information,0.0
Perbedaan IP Biznet Home 0D sama Gamers 3D apa min,-1,information,0.0
Cara ganti nama akun gimana,0,information,0.0
"Kalau ganti nama akun, ada biaya nya engga?",-1,,
Pengen ganti paket 25 Mbps ada ga?,-1,,
harga biznet home 1 D berapa?,0,information,0.0
"Internet down, bagaimana ni?",-1,information,0.0
Cara ganti password secara mandiri gmna,-1,information,0.0
Min modem saya gak mau nyala,0,information,0.0
Biznet home ada batas pembayaran ga?,0,information,0.0
Internet down nih,-1,problem,2.0
internet down nih gemana ?,-1,problem,2.0
Min kalau modem rusak gimana ya?,0,information,0.0
Min saya bisa ga menonaktifkan layanannya dulu 2 bulan,-1,,
Jika sedang terjadi gangguan massal atau kendala area dari sisi Biznet apakah pelanggan akan dapat informasi terkait hal tersebut tanpa harus menanyakan?,-1,information,0.0
Biznet ada layanan free wifi di tempat umum ga?,-1,,
"Saya ingin menggunakan cctv, paket layanan biznet home apa yang cocok untuk penggunaan cctv?",0,information,0.0
Min Biznet ada perangkat buat memperluas jangkauan Wifi engga?,-1,,
Min layanan Biznet home bisa buat RT RW net engga?,-1,,
"Min saya dibatam, kena PPN 11% ga?",-1,,
Kapan sebaiknya saya melakukan perubahan paket layanan internet saya?,0,information,0.0
Min reset FUP tanggal berapa,-1,information,0.0
Saya ingin merubah skema penggunaan modem saya saat ini dari sewa menjadi beli apakah bisa?,0,information,0.0
Jika saya melakukan pembelian modem apakah biaya sewa yang selama ini dikenakan akan hilang? dan apa keuntungan yang pelanggan dapatkan dari melakukan pembelian modem?,0,information,0.0
Kalau berhenti berlangganan gimana caranya,0,information,0.0
Biaya relokasi berapa min?,0,information,0.0
Apakah ada garansi pergantian modem jika terjadi kerusakan jika saya baru melakukan pembelian modem?,0,information,0.0
Ada garansi untuk perangkat *TP-Link Deco M4 Smart Internet Mesh WiFi* setelah pembelian ga,-1,,
Berapa lama waktu yang dibutuhkan untuk melakukan pembelian modem?,0,information,0.0
"Jika saya tetap menggunakan modem dengan skema, dan terjadi kerusakan pada modem, apakah bisa dilakukan perbaikan atau pergantian untuk modemnya?",0,information,0.0
ada garansi untuk perangkat Set top Box untuk Biznet IPTV ga min,0,information,0.0
"Min tolong kirimkan teknisi kelokasi, modem saya LOS",-1,,
Min kalau pindahin perangkat ke sebelah rumah bayar ga?,-1,,
Min kirimin pricelist paket internet,-1,,
"Internet saya sangat lambat, apakah dapat dibantu dioptimalkan?",-1,information,0.0
Min di App MyBiznet bisa beli promo engga?,-1,,
"Min saya punya 2 perangkat dengan ID layanan yang berbeda, tapi ko di app MyBiznet cuma 1 yang terbaca",-1,,
Kenapa speed upload dan download jaringan internet biznet saya tidak simetris?,-1,,
Min kalau ganti paket tapi cuma 2 hari bisa engga?,-1,,
Untuk perubahan paket layanan membutuhkan waktu berapa lama?,-1,information,0.0
"Min saya sewa modem biznet, tapi pengen ganti modem baru bisa engga?",0,information,0.0
Apakah mybiznet sudah tersedia di playstore atau appstore?,-1,information,0.0
Bagaimana cara login ke MyBiznet apakah ada tutorial atau langkah langkahnya?,-1,information,0.0
"Saya ingin melakukan relokasi, namun untuk lokasi baru saya belum tercakup jaringan internet biznet, apa yang harus saya lakukan?",0,information,0.0
Min cara liat ID pembayaran dimana,-1,information,0.0
"Saya melakukan salah bayar tagihan hanya karena salah 1 digit saat memasukan nomor billing ID, apakah ada solusi?",-1,information,0.0
"Saya melakukan pembayaran tagihan internet Biznet namun nominal nya kelebihan, apakah pembayaran saya tetap di proses?",0,information,0.0
Cara memblokir pengguna wifi gimana,-1,information,0.0
Berapa harga perbulan untuk layanan IPTV dan apakah saya perlu melakukan pembelian alatnya?,0,information,0.0
Ada berapa channel yang tersedia pada layanan IPTV Biznet?,0,information,0.0
Min kalau saya pake perangkat modem temen saya bisa ga? sama sama biznet,0,information,0.0
"Halo, bagaimana cara berlangganan?",0,information,0.0
"iya saya memerlukan bantuan, boleh berbicara dengan live agent?",-1,,
halo,-1,,
"layanan saya Biznet 3D, saat akses game cukup lambat, namun akses youtube normal, ada solusinya ga?",-1,problem,2.0
Halo saya ingin menghubungi customer service,-1,,
apakah Deco M4 TP-Link Mesh bisa digunakan untuk bangunan bertingkat?,-1,information,0.0
saya mau topup,-1,,
saya mau renewal,-1,,
Customer Service,-1,,
Masa aktif saya brp?,-1,,
btn_chat_live_agent,-1,,
hubungi live agent,-1,,
mo beli extra quota,-1,,
itu (kuota FUP) kapan resetnya,-1,information,0.0
"min, ada beberapa channel TV yang ilang",-1,,
Apakah saya bisa datang langsung datang ke cabang Biznet terdekat dari lokasi saya untuk menanyakan terkait ingin melakukan pendaftaran jaringan internet Biznet dirumah saya?,0,information,0.0
Ada garansi untuk perangkat TP-Link Deco M4 Smart Internet Mesh WiFi setelah pembelian ga,-1,,
min kendala ke facebook berikut hasil tracert : Tracing route to facebook.com [31.13.95.35]\nover a maximum of 30 hops:\n\n  1     1 ms    <1 ms    <1 ms  192.168.240.1\n  2     1 ms     2 ms     1 ms  172.16.4.2\n  3     3 ms     5 ms     3 ms  202.169.33.1\n  4     3 ms     3 ms     3 ms  182.253.255.90\n  5     3 ms     6 ms     3 ms  ae0.pr03.cgk1.tfbnw.net [157.240.86.242]\n  6     2 ms     2 ms     2 ms  po203.asw02.cgk1.tfbnw.net [129.134.39.48]\n  7     2 ms     2 ms     3 ms  psw01.cgk1.tfbnw.net [129.134.58.47]\n  8     2 ms     2 ms     2 ms  msw1ag.02.cgk1.tfbnw.net [129.134.91.183]\n  9     2 ms     2 ms     2 ms  edge-star-mini-shv-02-cgk1.facebook.com [31.13.95.35],-1,,
"ow gitu coy, kalo masih lambat gimana",-1,problem,2.0
Internet saya down bisa di cek?,-1,problem,2.0
apakah jika modem rusak bisa diganti dengan yang baru?,0,information,0.0
apakah bisa request untuk pembayaran setiap ditanggal tertentu?,0,information,0.0
bagimana prosedur berhenti berlangganan IPTV?,0,information,0.0
bagimana cara add on extra kouta?,-1,information,0.0
channel tv yang tersedia dibiznet apa saja?,0,information,0.0
apakah jaringan biznet bisa dikomersilkan?,0,information,0.0
Apakah ada diskon untuk pembelian modem?,0,information,0.0
cara request perapihan kabel,-1,information,0.0
Estimasi kedatangan teknisi,-1,,
jika modem saya rusak apa indikasinya?,0,information,0.0
Internet di lokasi lama buat main mobile legends,-1,,
apakah akun kompliment jika ingin relokasi dikenakan biaya?,0,information,0.0
layanan IPTV dapat channel apa saja?,0,information,0.0
jika saya ingn tambah mikrotik apakah bisa?,0,information,0.0
sebagai router tambahan,-1,,
saya ingin ubah layanan apakah bisa dibantu,-1,information,0.0
bagaimana cara optimalkan jaringan secara mandiri?,-1,information,0.0
bagaimana jika saya putus jaringan sebelum masa kontrak?,0,information,0.0
bagaimana saya tahu wifi saya diretas orang lain?,-1,information,0.0
apakah modem biznet support 6G?,-1,information,0.0
apakah jika saya pindah ke malaysia jaringan Biznet saya bisa ikut dipindah?,0,information,0.0
apakah biznet ada paket yang harganya 150.000?,-1,information,0.0
apakah saya bisa ubah nomor telepon?,-1,information,0.0
apakah ada promo perpanjangan layanan?,0,information,0.0
jika saya ingin daftar biznet untuk kosan baiknya menggunakan layanan yang mana?,-1,,
Apakah layanan metronet bisa untuk rumahan?,-1,information,0.0
saya butuh layanan dengan IP yang tidak berubah ubah,-1,,
jika saya pakai paket gamers apakah IP yang saya dapat akan berubah ubah?,-1,information,0.0
kalau saya pakai IP Public Dynamic akan terreset per kapan?,-1,information,0.0
"jika saya tidak bayar bulanan selama 1 bulan, apakah akunnya masih bisa dilanjutkan?",0,information,0.0
jika kabel modem saya putus karna digigit tikus apakah perbaikannya akan berbayar?,0,information,0.0
apakah biznet ada kompensasi jika internet saya mati berhari2?,0,information,0.0
kenapa jaringan saya bermasalah akhir akhir ini?,-1,,
apakah boleh saya reset modemnya?,-1,information,0.0
internet saya lambat sekali kalau akses ke google.com,-1,problem,2.0
kenapa lan saya tidak terhubung ke port 1 modem?,0,information,0.0
apakah biznet bisa blok 1 web?,0,information,0.0
apakah teknisi biznet bisa setting router tambahan saya?,0,information,0.0
apakah biznet menyewakan stb?,-1,information,0.0
cabang biznet area jaksel,-1,,
i want to buy extra quota,-1,,
promo ada ?,0,information,0.0
8+4 gaada min?,-1,,
kira kira 8+4 kapan tersedia nya ya?,-1,information,0.0
mau promo 2+1,-1,,
Internet down min,-1,problem,2.0
Internet terputus min,-1,,
mo relokasi,-1,,
mo ganti paket,0,information,0.0
saya mau beli quota,-1,,
i want to buy quota,-1,,
Inet down,-1,problem,2.0
kendala lambat,-1,problem,2.0
bisa informasikan untuk pengajuan sponsorship ke Biznet?,-1,,
berapa harga pemasangan awal untuk layanan biznet home internet 1d untuk wilayah depok,0,information,0.0
i want to buy promo,-1,,
total setelah ppn dan beli modem,-1,,
Kapan untuk perluasan cakupan area Biznet yang saat ini belum tercover?,-1,information,0.0
i want to relocation,-1,,
saya mau relokasi,-1,,
Bisa informasikan bandwidth yang didapatkan apabila berlangganan Home Internet 1D?,-1,,
Boleh tanya min?,-1,,
Ciri ciri tiang biznet warna apa soalnya ada tiang miring dijalanan?,-1,information,0.0
Harga paket 0D berapa?,0,information,0.0
aKlau remote IPTV rusak order kembali biayanya berapa?,0,information,0.0
Kalo harga paket 1D berapa?,0,information,0.0
Cara cek nomor SN biznet dimana?,-1,information,0.0
Beli promo,-1,,
Kalo harga paket 2D berapa?,0,information,0.0
Biznet apakah bisa berlangganan untuk lokasi high rise?,-1,information,0.0
"Sebutkan akun sosisal media layanan Biznet seperti x, facebook  dan instagram?",-1,,
Kalo harga paket gamers 3D berapa?,0,information,0.0
Apakah biznet home sudah menggunakan kabel fiber optic?,-1,information,0.0
PPN nya berapa persen min?,-1,information,0.0
Dimana lokasi store branch biznet cimandala bogor?,-1,,
Ada FUP ga min?,-1,,
Estimasi kendala internet down untuk kunjungan berapa lama?,-1,information,0.0
Apakah Biznet menjual perangkat router tambahan untuk support jangakuan koneksinya?,-1,information,0.0
"Kalo mau pasang, apakah ada biaya pasang min?",-1,information,0.0
Ada FUP ga?,-1,,
Mau relokasi,-1,,
Harga paket 0D berapa min?,0,information,0.0
kalo harga paket 1D berapa min?,0,information,0.0
kalo harga paket 2D berapa min?,0,information,0.0
"kalo untuk main game, cocoknya paket apa ya min?",-1,information,0.0
Bukannya ada paket gamers ya min?,-1,,
Kuota itu FUP ya min?,-1,,
Sebutkan alasan kenapa saya harus pakai layanan Biznet?,0,information,0.0
Apakah biznet menyediakan wifi portable?,-1,information,0.0
"min, ciri ciri tiang biznet gimana?",-1,,
Kira kira kalau Biznet maintenance apakah customer mendapatkan notifikasinya?,-1,information,0.0
Kalau Saya mendapatkan Ping tinggi karena lambat apakah bisa dilakukan visit langsung?,-1,information,0.0
untuk daerah Sulawesi sudah ada layanan Biznet belum min?,-1,,
Bisa informasikan bandwidth yang diterima Home Internet 1D?,-1,,
Paket apa yang tersedia untuk daerah sulawesi min?,-1,information,0.0
Berikan alasan keapa kunjungan visit saya melebihi estimasi 1x24 jam atas kendala internet down?,0,information,0.0
Sebutkan nama merk modem Biznet?,0,information,0.0
Untuk daerah papua sudah ada layanan Biznet belum min?,-1,,
Nomor customer service Biznet berapa min? saya mau telpon,-1,information,0.0
Apakah kabel indihome lama bisa di pakai untuk kabel internet?,-1,information,0.0
koneksi agak anu ni,-1,,
sudah restart masih lambat,-1,problem,2.0
Untuk layanan Home apakah FUP atau unlimited?,-1,information,0.0
Bisa informasikan dikenakan  berapa pajak pada layanan Biznet?,0,information,0.0
Bisa informasikan store Biznet atau Branch terdekat dari bandara soekarno hatta?,-1,,
Apakah Harga layanan Biznet berubah-ubah?,-1,information,0.0
Bagaimana langkah-langkah saya untuk konfirgurasi modem secara mandiri?,-1,information,0.0
untuk area jakarta ada gamers 3dw?,-1,,
Bisa informasikan cara berlangganan?,-1,information,0.0
Apakah bisa downgrade layanan dari Biznet Metronet ke Biznet Home?,0,information,0.0
Mau mengadukan layanan.,-1,,
Internet lambat banget,-1,problem,2.0
ada promo,0,information,0.0
cek quota,-1,,
internet lambat,-1,problem,2.0
Hi daerah rumah saya sudah tercover?,-1,,
halo internet saya down sejak semalam,-1,problem,2.0
paket 1D berpa ?,0,information,0.0
biaya pasang baru berapa?,0,information,0.0
Biaya relokasi biznet home?,0,information,0.0
merk kabel lan yang bagus,-1,,
promo 2d home modem buy berapa?,-1,information,0.0
paket 1D,0,information,0.0
harga paket 1d,0,information,0.0
harga pasang baru,-1,,
cara berhenti berlangganan,0,information,0.0
ingin ikut promo 1D modem rent,-1,,
harga modem,0,information,0.0
cara berlangganan,0,information,0.0
apakah ada denda berlangganan?,0,information,0.0
Terkait permintaan pengajuan sponsopship,-1,,
Kenapa layanan IPTV untuk channel HBO tidak ada?,0,information,0.0
tanggal berapa biasanya akan terdebet untuk kartu kredit yang terdaftar di biznet?,-1,information,0.0
Paket gamers,-1,,
Harga paket gamers biznet,-1,,
tanggal berapa biasanya dilakukan pembayaran auto debet untuk kartu kredit yang terdaftar di Biznet?,-1,information,0.0
Berapa jenis paket gamers biznet?,-1,information,0.0
bisa dicek ID pelanggan ini 1000? LOS merah menyala,-1,,
Apakah akan dikenakan biaya tambahan jika alamat instalasi menggunakan jalur kabel bawah tanah?,0,information,0.0
Mo beli quota,-1,,
internet cepat,-1,,
Hi kalo ingin ikut promo 3+1 gmn cara nya?,-1,information,0.0
putus sambung,-1,problem,2.0
promo bhi 1d,-1,,
Lemot ini,-1,,
daftar biznet hom e,-1,,
daftar biznet home,4,information,0.0
udah restart msh lemot,-1,,
Apakah saya bisa bekerja di Biznet,0,information,0.0
"Terima kasih, apakah kamu tahu Biznet didirikan oleh siapa?",-1,information,0.0
Cakupan bojong gede,-1,,
Internet saya ga gacor nih lambat mulu,-1,problem,2.0
ganti paket,0,information,0.0
Cara pendaftaran,-1,information,0.0
mohon info paket apa saja,-1,information,0.0
Lambat,-1,problem,2.0
Sudah dilakukan semua tapi masih lambat,-1,problem,2.0
Ada kendala di lokasi saya apa tidak ya,-1,information,0.0
Internet Saya Down loss merah,-1,problem,2.0
tapi saya di area Bekasi,-1,,
Cek harga layanan Biznet,-1,,
batalkan ganti paket,-1,,
saya mau tanya harga bulanan,-1,,
berapa harga bulanan paket saya,0,information,0.0
saya ingin pasang baru alkun tambahan,0,information,0.0
apakah bisa?,0,information,0.0
"di jalan kota mas, di jalan utama ciawi cianjur",-1,,
internet lemot,-1,,
masa aktif,-1,,
kuota saya saat ini,-1,,
saya mau tau harga paket saya,-1,,
sudah tapi masih lambat,-1,problem,2.0
apakah berarti paket saya gratis?,-1,information,0.0
apakah saya bisa menggunakan promo untuk paket saya?,0,information,0.0
kalau hanya punya 4 perangkat tp koneksi saya RTO terus ke arah facebook.com kira2 kenapa ya ?,-1,,
"ok, apakah saya sebaiknya ganti ISP saja?",0,information,0.0
ok pakte apa yang kamu sarankan?,-1,information,0.0
berapa bandwidth paket yang saya gunakan?,-1,information,0.0
"kalau saya ingin ganti paket, paket mana saja yang bsia saya gunakan",-1,,
harga paling murah berapa?,-1,information,0.0
Cek FUP,-1,,
top up fup,-1,,
Perubahan layanan,-1,,
Cek jaringan,-1,,
Status koneksi saya,-1,,
Harga modem berapa ?,0,information,0.0
Jenis paket layanan biznet home,0,information,0.0
harga promo biznet ada?,0,information,0.0
Owh oje kalok di tambah router bisa gak ?,0,information,0.0
Tambah router mesh wifi,-1,,
cara pilih nya gimana,0,information,0.0
Mau pesen lewat cs dong,-1,,
kalau mau beli promo 3+1 gimaa caranya,0,information,0.0
Oke saya sekarang mau beli promo,-1,,
Thank you kalok saya mau ganti paket bisa ?,-1,,
Lsyanan saya expired kapan ?,-1,information,0.0
Ciri tiang biznet apa ya ?,-1,information,0.0
Kalok mau bayar bisa lewat mana ?,-1,,
Berapa nomer va saya?,-1,information,0.0
Ada paket untuk main game gak ?,-1,,
Ada promo apa aja ya,0,information,0.0
Kalo pengen 3+1 gmn,-1,,
Kalo promo 6+2,-1,,
Nanya promo,-1,,
Untuk coverage area di lenteng agung jakarta selatan ada ngga,-1,,
Kalo beli ekstra kuota gmn,-1,,
Untuk paket apa aja ?,0,information,0.0
Klo kuota abis bagaimana ?,0,information,0.0
Untuk password apps nya apa ?,-1,information,0.0
Kalo change package gmn min,-1,,
Saya lupa passwordnya,-1,,
Pake password default salah,-1,,
Cukup min bisa di akhiri chat nya,-1,,
saya mau tanya perihal layanan,-1,,
Untuk koneksi agak intermitten y,-1,,
Dan aplikasi wifi analyzernya apa ?,-1,information,0.0
Ini gimana caranya,0,information,0.0
Kita udah install analyzer aman ngga ada masalah,-1,,
Channel juga sudah dirubah,-1,,
Cara liat jumlah penggunanya gimana,0,information,0.0
Username dan pass adminnya apa ?,-1,information,0.0
Cek coverage,-1,,
Cek  overage,-1,,
Cara mengganti paket gimana,0,information,0.0
Saya mau pasang di banten bis acek coveratge ?,-1,,
saya mau tanya untuk caranya gimana?,0,information,0.0
Paket apa saja pilhannya ?,0,information,0.0
Terus klaok dinpekan baru bisa oakek paket apa ?,0,information,0.0
"Di modem saya ada los merah nih, harus ngapain ya?",0,information,0.0
Paket apa aja yg tersedia ?,0,information,0.0
Pasang baru berapa?,0,information,0.0
Cara mengajukan pergantian modem bagaimana?,0,information,0.0
Masalah teknis,-1,,
Estimasi kunjungan teknisi biasanya kapan?,-1,information,0.0
Estimasi relokasi biasaya berapa hari?,-1,information,0.0
internet saya lambat cuma dapet 10mbps,-1,problem,2.0
Saya mau cek promo yang tersedia hari ini layanan Biznet Home.,-1,,
Apakah harga layanan Biznet Home flat?,0,information,0.0
cara melakukan ping dan tracert itu bagaimana?,-1,information,0.0
Apakah Biznet buka lowongan untuk magang?,-1,information,0.0
Bisa dibantu ping ke google.com?,-1,,
"Saya gapunya laptop, bisa tolong ping ke google.com?",-1,,
"Layanan internet saya lambat, boleh diinformasikan penyebab dan solusinya?",0,information,0.0
kalo ingin terminasi gimana caranya?,0,information,0.0
estimasi layanan jika melakukan terminasi berapa lama?,-1,information,0.0
Halo Biznet,-1,,
Saya ingin mengetahui cara cek IP layanan Biznet home saya.,-1,information,0.0
Promo saat ini apa aja?,0,information,0.0
apakah tidak ada promo 2+1?,0,information,0.0
"Internet saya untuk bermain game genshin impact ping tinggi, apakah ada solusi?",-1,information,0.0
jika ingin mengetahui ip yang saya gunakan bagaimana?,-1,information,0.0
Boleh diinformasikan paket Gamers ada apa saja?,-1,information,0.0
reset FUP biasanya dilakukan kapan?,-1,information,0.0
"Saya ada keperluan ganti paket tapi masih panjang masa aktifnya, apakah bisa diproses sekarang?",-1,information,0.0
jika ada los merah pada modem saya itu kenapa?,0,information,0.0
saya ingin melakukan pembayaran bisa lewat mana saja?,0,information,0.0
"Saya mau terminasi layanan, bagainmana prosesnya?",-1,,
Relokasi apabila tidak tercover bagaimana?,0,information,0.0
bisa diinformasikan VA untuk bank yang tersedia?,3,information,0.0
"Bisa dicek untuk coverage area alamat berikut: Kp. Pada Beunghar, Rt.03/05, Kel.Babakan Pasar, Kec. Bogor tengah, Kota Bogor, 16126",-1,,
"Internet saya tidak stabil, apakah ada kendala?",0,information,0.0
Apakah kecepatan Internet Biznet Home tetap konstan sepanjang waktu?,0,information,0.0
Bisakah saya menggunakan layanan Biznet Home untuk bisnis/perusahaan?,0,information,0.0
Apakah Terdapat Garansi pada Perangkat Smart Internet WiFi ?,-1,information,0.0
"Layanan saya terkendala down, estimasi perbaikannya kapan ya?",-1,information,0.0
bagaimana cara cek ping dan tracert?,-1,information,0.0
Latency untuk layanan biznet home normalnya berapa ya?,-1,information,0.0
Apa yang memengaruhi latency tinggi?,-1,information,0.0
Apakah ada rekomendasi penggunaan tipe kabel LAN?,0,information,0.0
Modem Biznet tipenya apa saja?,0,information,0.0
Rekomendasi perangkat tambahan untuk memperluas jangkauan wifi apakah ada?,-1,information,0.0
"Jika tidak tercover alamat saya, biasanya sampai kapan harus menunggu?",-1,information,0.0
Jangkauan sinyal wifi biznet optimalnya berapa?,-1,information,0.0
Apakah ada ketentuan untuk berlangganan kembali,0,information,0.0
Apakah ada ketentuan untuk rekoneksi layanan yang sudah lama tidak dibayarkan?,-1,information,0.0
Mengapa layanan biznet Home sering terjadi kendala area?,-1,,
karena internet down,-1,problem,2.0
mau beli add on,-1,,
beli add on,-1,,
mau beli kuota,-1,,
mau beli quota,-1,,
harga paket 0D,0,information,0.0
harga paket 2D,0,information,0.0
saya mau beli promo,-1,,
harga paket 3D,0,information,0.0
harga paket 0DS,0,information,0.0
harga paket 1DS,0,information,0.0
harga paket 2DS,0,information,0.0
harga paket 3DS,0,information,0.0
harga paket 0DW,0,information,0.0
harga paket 1DW,0,information,0.0
harga paket 2DW,0,information,0.0
harga paket 3DW,0,information,0.0
harga paket 1DN,0,information,0.0
harga paket 2DN,0,information,0.0
harga paket 3DN,0,information,0.0
berapa harga pembelian modem,0,information,0.0
berapa harga modem menyewa,0,information,0.0
apakah jika berlangganan dikenakan masa kontrak,0,information,0.0
"bagaimana jika ingin perpindahan modem, namun alamat barunya tidak tercakup",0,information,0.0
bagaimana cara perpindahan modem ke lokasi yang baru,0,information,0.0
Apakah biznet menyediakan layanan dengan TV channel,0,information,0.0
Apakah ada channel HBO,-1,information,0.0
apakah ada garansi pembelian modem di awal,0,information,0.0
berapa harga STB,-1,information,0.0
apakah ada garansi untuk pembelian STB,-1,information,0.0
apakah biznet memiliki tanggal jatuh tempo,-1,information,0.0
apakah yang akan terjadi jika sudah melewati masa tenggang,-1,information,0.0
assalamualaikum,-1,,
Salam sejahtera,-1,,
"jika status akun sudah terminasi, apakah bisa berlangganan lagi?",-1,information,0.0
saya mau relokasi ke dalung,-1,,
eh gajadi saya mau upgrade aja ke paket gamers,-1,,
apakah akan dikenakan biaya?,0,information,0.0
apakah akan dikenakan denda jika ada keterlambatan pembayaran,0,information,0.0
Gak tau males pengen beli truck,-1,,
apakah layanan biznet memiliki kompensasi,0,information,0.0
lalu bagaimana jika kendalanya lama teratasi dan tidak ada kompensasi,-1,information,0.0
apakah download dan uploadnya simetris,-1,information,0.0
apakah bisa menambahkan akun dengan data yang sama,-1,information,0.0
"bagaimana jika ada kesalahan pembayaran, apakah bisa direfund",0,information,0.0
apakah bisa melakukan pergantian paket,0,information,0.0
apakah bisa melakukan pergantian data,-1,information,0.0
apakah jika dilakukan perbaikan teknisi ke lokasi dikenakan biaya,0,information,0.0
berapa lama estimasi perbaikan gangguan,-1,information,0.0
Apakah dikenakan biaya jika ingin perubahan paket,0,information,0.0
berapa hari perhitungan masa aktif,-1,information,0.0
berapa harga pembelian modem layanan home?,0,information,0.0
apakah biznet memiliki promo pembayaran,0,information,0.0
Berapa biaya untuk pengajuan relokasi?,0,information,0.0
apakah bisa memanggil teknisi biznet untuk memasangkan router tambahan,0,information,0.0
Berapa biaya untuk pengecekan layanan di luar segmentasi biznet?,0,information,0.0
Benefit yang didapatkan untuk paket 0D?,-1,,
Berapa Bandiwdth yang didapatkan di paket Biznet Home 1D?,0,information,0.0
"halo, saya ingin berlangganan internet & tv",-1,,
kendala jaringan internet modem los merah,0,information,0.0
bagiamana cara cek FUP paket?,-1,information,0.0
jalan Gajah nomor 114\nkel Pandau Hulu II\nkec Medan Area\nkota Medan,-1,,
apakah biznet home mengeluarkan invoice,-1,information,0.0
bagaimana cara mengetahui jika ada gangguan,0,information,0.0
cara ganti password secara mandiri?,-1,information,0.0
biaya per bulan berapa?,0,information,0.0
cara order promo secara mandiri?,-1,information,0.0
paket internet dan tv berapa per bulan?,0,information,0.0
IP apa yang saya dapatkan jika berlangganan layanan Biznet Gamer 3D?,-1,information,0.0
penyebab jaringan slow?,-1,problem,2.0
Berapa harga layanan IPTV?,0,information,0.0
apakah biznet melakukan pemblokiran IP tertentu,0,information,0.0
apakah ganti paket akan mengakumulasikan masa aktif yang sedang berjalan?,-1,information,0.0
Bagaimana untuk perhitungan masa aktif layanan?,-1,information,0.0
order promo yang tersedia saat ini?,0,information,0.0
Bagaimana untuk perhitungan kouta internet kita?,0,information,0.0
bagaimana jika kita telat melakukan pembayaran apakah adanya denda?,0,information,0.0
Apakah bisa melakukan berhenti berlangganan apabila masih dalam masa kontrak?,0,information,0.0
Apakah bisa menggunakan DNS selain dari Biznet?,0,information,0.0
estimasi waktu pembayaran jika melakukan order promo?,-1,,
beli kuotq,-1,,
beli addon,-1,,
Cara ganti password mandiri gimana?,2,information,0.0
halo saya mau beli quota lagi,-1,,
mau beli promo,-1,,
mau ganti paket,0,information,0.0
mau order promo,-1,,
Mai order promo,-1,,
Hi sisa ekstra kuota saya brp?,-1,,
jika ingin tambah ekstra kuota gmn?,-1,,
lambat banget main ayodance,-1,problem,2.0
Internya loss merah kak,-1,,
Indikator loss di modem,-1,,
Apakah saya bisa berlangganan hanya 3 bulan saja dengan skema modem menyewa?,0,information,0.0
"Hallo siang, saya mau berhenti berlangganan karena mau pindah alamat",-1,,
"Hallo, saya mau tanya mengapa masa aktif habisnya tidak selalu sama dan terkadang maju ?",-1,,
"Jika ingin reloksi ke alamat barun dan alamat baru saya sudah tercakup, syaratnya apa saja?",-1,information,0.0
"hallo,saya ingin melakukan pengecekan FUP akun layanan saya",-1,,
"Jika saya melakukan pergantian paket dan masa aktif saya masih tersisa dipaket sebelumnya, apakah sisa masa aktif tersebut akan hangus?",-1,information,0.0
"Saya ingin melakukan pembayaran dengan promo tetapi masa aktif saya masih sampai dengan 30 Desember 2024, apakah jika saya melakukan pembayaran hari ini masa aktif akan terkakumulasi?",-1,information,0.0
Apakah bisa dinformasikan untuk Type modem yang disediakan oleh biznet?,0,information,0.0
Jika berlangganan dengan skema modem membeli apakah ada garansi modemnya?,0,information,0.0
Mohon diinformasikan promo apa saja yang berlaku saat ini untuk pelanggan lama?,0,information,0.0
Untuk layanan Biznet Home apakah menyedaiakan invoice pembayaran?,-1,information,0.0
Apakah layanan Biznet Home mempunyai SLA apabila internetnya down?,0,information,0.0
"Saya ingin melakukan pergantian data nama akun, sayarat nya bisa diinformasikan apa saja?",-1,information,0.0
Harga paket 1D berapa?,0,information,0.0
Apakah Biznet menyediakan layanan internet untuk sekolah?,0,information,0.0
Brach terdekat dari lokasi saya saat in idi gunung putri,-1,,
Untuk pengaduan bisa diinformasikan melalui apa saja saat ini?,0,information,0.0
Untuk estimasi kunjungan perbaikan dengan teknisi berapa lama?,-1,information,0.0
berapa harga produk di biznet,-1,information,0.0
Apakah biaya installasi awal setiap daerah berbeda?,-1,information,0.0
"Akun saya sebelumnya sudah terminated dengan skema modem membeli lalu ingin berlangganan kembali, apakah modemnya dapat digunkan kembali?",0,information,0.0
harga paket 2D berapa?,0,information,0.0
Bagaimana cari ganti password wifi?,2,information,0.0
Apakah dikenakan kontrak berlangganan untuk layanan Biznet Home?,0,information,0.0
Mohon diinformasikan untuk metode pembayaran layanan Biznet bisa melalui apa saja?,0,information,0.0
Bagaimana Cara sembunyikan SSID wifi?,2,information,0.0
"Berapa jarak jangkauan signal wifi 2,4 Ghz?",-1,information,0.0
Berapa jarak jangkauan signal wifi 5 Ghz?,-1,information,0.0
Promo layanan Biznet?,-1,,
Berapa harga promo 3+1 daerah kota surabaya?,-1,information,0.0
Berapa harga promo 6+2 daerah Yogyakarta?,-1,information,0.0
Berapa harga promo 9+3 daerah Bandung?,-1,information,0.0
Berapa harga promo 12+5 daerah Jakarta selatan?,-1,information,0.0
Berapa lama Masa aktif layanan Biznet Home?,0,information,0.0
Berapa lama masa tenggang layanan Biznet Home?,0,information,0.0
Harga add on IPTV?,0,information,0.0
Bagaimana cara restart modem?,0,information,0.0
"Jika ingin pindah alamat, namun lokasi baru tidak tercakup, bagaimana?",0,information,0.0
Penyebab jaringan lambat karena apa?,-1,information,0.0
cara membeli add on kuota?,-1,information,0.0
login my biznet gimana?,-1,,
Kalo beli modem harganya berapa ya??,0,information,0.0
ingin beli extra kuota,-1,,
saya mau complaint,-1,,
loss merah,-1,,
harga produk biznet,-1,,
ingin membeli kuota,-1,,
001000378036,-1,,
Internet aga lambat,-1,problem,2.0
mau beli etra quota,-1,,
mau beli extra quota,-1,,
apakah palmerah jakarta tercover,-1,information,0.0
harga modem biznet home,0,information,0.0
cara login my biznet,-1,information,0.0
Modem los,-1,,
tidak saya ingin membeli modem biznet baru,0,information,0.0
menambah perangkat yang sudah ada,-1,,
biznet home,4,information,0.0
saya maut ambah modem,0,information,0.0
ya router mesh wifi,-1,,
Los modem min,-1,,
Los,-1,,
modem saya loss,-1,,
Mau ke cs,-1,,
saya mau ubah paket,-1,,
ubah paket ke 3D,0,information,0.0
saya mau terhubung dengan cs,-1,,
Ingin cp,-1,,
Change package,-1,,
Ke pake home 1d,-1,,
Bisa gak aku config modem manual ?,-1,,
Bisa gak config modem mamual?,-1,,
Oke kalok mai ganti pw wifi ?,-1,,
Terus kalok promo ada gak?,0,information,0.0
Oke aku ada rencana pasang di surabaya di merr ke cover gak ?,-1,,
Paketnya apa aja ya?,0,information,0.0
Kalok pkek kabel bawah ranah kenak biaya gak ?,-1,,
Kalok bolej tau reminder pembayaran dikirim kapan ?,-1,information,0.0
Ada modem wireless gak ?,-1,,
Apakah tidak ada promo beli modem ?,0,information,0.0
Cara bayar via mandiri,-1,information,0.0
Nomer va bsi,-1,,
Kalok lupa username sama password pppoe gemana ?,-1,,
Cara download aplikasi my biznet dimana ?,-1,information,0.0
Cara diwnload aplikasi my biznet domana?,-1,information,0.0
Biaya pasang baru biznet berapa ?,0,information,0.0
Kalok harga relokasi home ?,-1,,
Kalok mau ngjuin sponsor kemana ?,-1,,
Ciri ciri tiang biznet gemana ? Soalnya ada tiang miring di jalan,-1,,
Biznet bagus gal sih ?,-1,,
Kalok mau langganan caranya gemana ?,0,information,0.0
Oke biatanya berapa ?,0,information,0.0
Oke terus bisa cek coverage gak ?,-1,,
Saya mau pasang di soe,-1,,
Lebih mahal ya hatganya?,-1,,
Oke terus kalok nambah touter gitu bisa gak,-1,,
Yep nambah router mesh wifi,-1,,
Bukanya kmren ada ya ?,-1,,
Oke cara belinya gmn ?,-1,information,0.0
Kalok harga paket 0d brrapa?,0,information,0.0
Bukan 0dw tapi 0d,-1,,
Tapi kenapa tadi infonya 0dw bukan 0d?,-1,,
Oke terus kapan reminder pembayaran dikirim?,-1,information,0.0
Oke lalu kalok modem saya los merah saya harus apa ?,0,information,0.0
Apa aladan saya pilih biznet home ?,0,information,0.0
Terus kalok benefit 0d apa aja yg bisa saya dapet ?,-1,information,0.0
Estimasi waktu bayar promo,-1,,
Masa kontrak berlaku berapa lama ?,0,information,0.0
Terus kalok berenti sebelum lontrak habis denda gitu ?,-1,,
saya mau ganti paket,-1,,
hubungkan ke agent,-1,,
Saya ingin ganti paket ke Gamers 3D,-1,,
Berbicara dengan cs,-1,,
internet di rumah tidak bisa dipake,0,information,0.0
harga 1D,0,information,0.0
live agent dong,-1,,
"Mau tanya tentang Biznet Home, ada paket apa ajaa?",0,information,0.0
"Halo Pagi, mau tanya tentang biznet home",-1,,
Paket termahal Biznet Home apa ya?,0,information,0.0
Paket termahal apa ya?,0,information,0.0
Bisa dititalin untuk Biznet Home 3D? beli modem,-1,,
Totalin harga untuk ini berapa? sewa modem,0,information,0.0
Kalo modem sewa totalnya berapa?,0,information,0.0
kalo beli modem?,0,information,0.0
aku pasang baru,0,information,0.0
saya mau pasang baru dengan beli modem dan paket Biznet Home 3D,-1,,
Live agent,-1,,
kenapa sih jaringan saya suka terputus sambung?,-1,,
bisa sambungkan ke live agent,-1,,
kenapa wifi 5G saya suka tidak terdetect?,-1,,
mau pindah lokasi,-1,,
proses nya berapa lama?,-1,information,0.0
Cek koneksi,-1,,
Kalau saya terhalang sekat bagaimana Kak? soalnya modemnya jauh dari area yang saya gunakan,-1,information,0.0
Internet saya ngga bisa digunakan,0,information,0.0
saya mau pindah,-1,,
kenapa sering sekali terjadi kendala loss merah?,-1,,
"pindah ke Jl. Pd. Mitra Lestari No.11 Blok A4, RT.002/RW.005, Jaka Setia, Bekasi Selatan, Bekasi, West Java 17147",-1,,
itu dikenakan biaya tidak?,-1,,
Kalau ada gangguan area perbaikannya sampai kapan?,-1,information,0.0
kenapa koneksi inet saya lemot banget ya?,-1,,
berapa hari tuh proses nya,-1,information,0.0
bisa gk saya minta proses nya hanya 2 hari,-1,,
kenapa koneksi internet saya up down?,0,information,0.0
klo gitu diskon dong,-1,,
"kan lama proses nya di 7 hari, mahal tapi lama",-1,,
klo saya mau terminasi gimana?,0,information,0.0
dih kok di kenakan pinalti?,-1,,
saya beli modem waktu itu dan tidak ada penjelasan kontrak,-1,,
Ada promo pembayaran?,0,information,0.0
Paket 3 Plus 1 hargfanya berapa?,-1,information,0.0
Area Jawa ada paket apa saja?,0,information,0.0
Ada paket 350mbps?,-1,,
Kalau mau promo bisa telfon ke mana?,-1,,
Massa aktif saya sampai kapan?,-1,information,0.0
Bisa ganti paket sekarang?,-1,,
Massa aktif nya bakal hangus ga?,-1,,
Gimana caranya?,0,information,0.0
Buat pake akun MyBiznet log innya bagaimana?,-1,information,0.0
Promo saat ini?,0,information,0.0
Harga promo 9+3?,-1,,
Internet saya terputus putus,0,information,0.0
saya mau cek jumlah perangkat yg terhubung ke modem saya,0,information,0.0
Lokasi saya sudah tercakup belum ya?,-1,,
"Villa Mahkota Pesona, Blok IJ 8 no 6, Bojong Kulur, Gunung Putri",-1,,
informasi promo,-1,,
mau ganti paket gimana caranya,0,information,0.0
saya tidak hapal,-1,,
Masa aktif saya hingga 2025 ya. Apakah bisa mengikuti salah satu promo tersebut?,-1,information,0.0
internet saya slow,-1,problem,2.0
Jadi baiknya gimana om?,0,information,0.0
"baik, \nkalo masa aktifnya hinga 3 Januari 2025 gimana om?",-1,,
Change package with another ID,-1,,
1000032151,-1,,
Internet saya terputus putus tiap malam,-1,problem,2.0
hasil speedtest saya tida 1:1,-1,,
Apakah ada promo tahunan?,0,information,0.0
"Internet saya tidak simetris, upload dan download tidak sesuai",-1,,
Change package with  another ID,-1,,
Cakupan area?,-1,,
Bisa ga kalo saya ganti paket layanan dibawahnya?,-1,,
Kenapa lokasi saya gak bisa pake biznet?,0,information,0.0
Upload dan download tidak Symmetrical,-1,,
Untuk prosesnya berapa lama?,-1,information,0.0
Upload dan download tidak simetris,-1,,
Sudah punya Biznet,-1,,
Internet mati ni,-1,problem,2.0
"min saya rencana mau pindah rumah, apakah tetap bisa berlangganan layanan biznetnya?",-1,information,0.0
promo 3+1 berapa,-1,information,0.0
untuk biaya relokasi itu berapa ya min?,0,information,0.0
proses terminasi,-1,,
promo 6+2 berapa,-1,information,0.0
"i wanna check coverage area, can you help me?",-1,,
"i live in pantai indah kapuk 3, north jakarta",-1,,
untuk pengecekan jaringan sudah tercover atau belum bagaimana ya?,-1,information,0.0
Ingin merubah paket,-1,,
i wanna ask to create a trouble ticket,-1,,
ingin ganti paket aja,-1,,
"saya cek udah tercover, saya bisa ajukan sendiri atau perlu oleh customer ya?",-1,,
i wanna terminate my account,-1,,
Cara relokasi bagaimana?,0,information,0.0
Berapa lama prosesnya?,-1,information,0.0
Berapa biaya relokasi?,0,information,0.0
bagaimana cara cek cakupan area?,0,information,0.0
"Kendal, Bangunkerto, Turi, Sleman, Yogyakarta",-1,,
Internet saya up and down,-1,problem,2.0
Bagaimana apabila alamat baru tidak tercakup untuk relokasi?,-1,information,0.0
Request dong mau ikut promo,-1,,
Ada biaya penalty untuk terminasi?,-1,,
mau tanya paket,-1,,
alamat saya sudah tercover belum ya?,-1,,
kalau dirumah pakai smart tv dan cctv pakai yang mana ya?,0,information,0.0
ada promo apa bulan ini?,0,information,0.0
bukan disitu alamatnya,-1,,
Kalau karena internet lambat apakah ada penalty untuk terminasi?,-1,information,0.0
wilayah sukawati bali,-1,,
baru berlangganan,0,information,0.0
Info produk Biznet home,-1,,
Saya mau tanya pembayaran biznet bisa apa saja.,0,information,0.0
biznet home yang berapa ya?,-1,information,0.0
aku gabisa bayar lewat VA BCA,-1,,
bisa di jelaskan detail harga masing masing dari promo tersebut,-1,,
mau tanya cakupan min,-1,,
berapa harga layanan Biznet Home Internet 1D,0,information,0.0
apakah bisa diinformasikan status perangkat modem saya ini sewa atau beli?,0,information,0.0
berapa lama massa kontrak berlangganan biznet?,0,information,0.0
saya ingin tanya Biznet,-1,,
mau nanya desember ini ada promo apaan aja ya?,0,information,0.0
Tolong cek jaringan saya,-1,,
apakah biznet home tercover area cibinong?,-1,information,0.0
lagi ada promo apa yah?,0,information,0.0
saat ini internet ku down,-1,problem,2.0
Berapa harga 1 unit IPTV?,0,information,0.0
Mau ikut promo bisa,-1,,
Payment,-1,,
saya ga bs bayar via VA,-1,,
boleh diinformasikan promo Biznet Home?,-1,,
selain itu ada promo apa lagi? itu doang?,0,information,0.0
ada paket apa saja di biznet home?,0,information,0.0
Kalau kendala internet mati saya harus bagaimana?,0,information,0.0
Bayar promo,-1,,
cara berlangganan baru bagaimana?,0,information,0.0
apakah dapat ip publik?,-1,information,0.0
apakah pembayarannya bisa menggunakan kartu kredit?,0,information,0.0
tanya produk,-1,,
mau ganti paket ke Biznet Home yang lebih tinggi,0,information,0.0
Pembayaran lewat UOB bisa atau tidak?,-1,,
gak ada promo spesial tahun baru?,0,information,0.0
baik terimakasih,-1,,
ikut promo,-1,,
kalau pasang baru apa dapat promo juga?,0,information,0.0
Kok lama,-1,,
Promo 2025,-1,,
promo di nusa tenggara,-1,,
engga dulu deh,-1,,
sudah restart modem masih sama,-1,,
Saya mau ubah nama wifi,-1,,
ada paket paling murah berapa?,-1,information,0.0
"Kalau tidak ada lampu merah LOS, namun lampu PON berkedip, apa yang harus saya lakukan?",-1,information,0.0
kurang menarik promonya,-1,,
ke Biznet Home 3D bisa ga?,-1,,
Apakah tidak ada promo tahun baru?,0,information,0.0
apakah ada promo khusus untukku?,0,information,0.0
biznet home 0dn,4,information,0.0
cara daftar nya gimana?,0,information,0.0
Klo ubah password?,-1,,
Saya ada kendala pembayaran nih,-1,,
Promo apa yang saat ini tersedia?,0,information,0.0
ada indikator loss merah,-1,,
Internet,-1,,
Kalo mau relokasi dong,-1,,
Inet saya down,-1,problem,2.0
tahun depan ppn nya berapa? 11% atau 12%,-1,information,0.0
nanya perihal promo,-1,,
bisa diinformasikan biaya bulanan saya saat ini berapa?,0,information,0.0
berapa lama proses intalasinya?,-1,information,0.0
Mau bayar,-1,,
Bagaimana cara cek ping dan tracert apabila ada kendala akses website?,-1,information,0.0
"Tidak cukup, terima kasih",-1,,
Gimana promo nya,-1,,
mau tanya paket yang available apa ajaa ya?,0,information,0.0
sebutkan cara yang lengkap untuk pergantian data,-1,information,0.0
Dimana saya bisa mendapatkan username dan password untuk login ke my biznet tersebut?,-1,,
cara bayar biznet home ?,-1,information,0.0
Virtual account betapa,-1,,
kabel nya ada yang putus kaya nya min,-1,problem,2.0
ok terima kasih,-1,,
apa ada kontak sales yang bisa saya hubungi?,-1,information,0.0
"Kalau ada kendala akses aplikasi, apakah perlu cek ping dan tracert juga?",-1,information,0.0
bayar dengan cara di cicil apakah bisa ?,0,information,0.0
Terminate gimana?,-1,,
apakah ada promo 6+6?,0,information,0.0
ga punya akunnya,-1,,
bayar dengan cara hutang ?,-1,information,0.0
minta nomornya,-1,,
jadi bagaimana cara termudah untuk dapat saya order promo tersebt,-1,information,0.0
promo 2+1 saja,-1,,
"selain kartu kredit, pembayarannya bisa menggunakan apa aja ya?",0,information,0.0
saya tidak mau ribet,-1,,
Apakah ada promo 2+1,0,information,0.0
ada whatsappnya ga?,-1,,
bagaimana cek ping dan tracert aplikasi di android?,-1,information,0.0
mahal soalnya klo telp ke contact center,-1,,
pakai yang 0D bisa gak?,-1,,
Bisa di info aja nomor va buat bayar,-1,,
Untuk promo nya?,-1,,
apakah bisa untuk relokasi?,-1,information,0.0
kantor cabang di cibinong dimana?,-1,,
maksimal penarikan kabel berapa meter,-1,information,0.0
Promo 12+5,-1,,
"tidak ada paket 1B, adanya paket 1D?",-1,,
Username sama pass loginnya apa ?,-1,information,0.0
tolong di bantu promo 3+1,-1,,
tagihan di bayarin teman ?,-1,,
"masih kemahalan promonya, ada promo yang lebih murah nggk?",0,information,0.0
pembayarannya bisa di store terdekat gak?,-1,,
saya ada 7 perangkat aktif di rumah,-1,,
bagaimana kalo tagihan belum dibayarkan ?,0,information,0.0
saya mau promo yang 2+1 ada nggak?,0,information,0.0
"Siang, saya Ganjar saya mau berlangganan layanan internet dan TV untuk dirumah saya. Di Biznet ini layanannya apa saja ya?",0,information,0.0
"di my biznet no promo available, kenapa?",-1,,
Lambat internet,-1,problem,2.0
saya buka dari aplikasinya kok ada?,0,information,0.0
beda gini sih jawabannya,-1,,
Tidak jadi ikut promo,-1,,
Mau bulanan saja,-1,,
boleh dibantu promo apa saja yang berlaku?,0,information,0.0
kalau 1D gimana?,-1,,
"saya ingin melakukan pembayaran namun nama yang tertera pada virtual account saya tidak sesuai, saya harus bagaimana",-1,information,0.0
"ok, kalau tempat saya untuk rt rw net apa bisa dipasang?",-1,information,0.0
Speed test cuma dapat 10 mbps,-1,,
pembayarannya bisa di branch terdekat gak?,-1,,
pembayaran di tolak,-1,,
Bagaimana cara ganti ssid dan password wifi?,2,information,0.0
"terimakasih, siapa nama atasan anda ?",-1,,
Masih sama ini,-1,,
kalau untuk kantor apa bisa pakai biznet home?,0,information,0.0
Kenapa kendala terus ya ini,-1,,
tadi katanya nggak ada,-1,,
kalo sudah beberapa kali disambung gimana itu min kabel nya,-1,,
kalau ruko apa bisa pakai biznet home?,0,information,0.0
Coba cek sama minta teknisi cek ke rumah,-1,,
ada promo gak?,0,information,0.0
saya belum terbantu ini,-1,,
kalau metode pembayarannya bisa dengan apa saja?,0,information,0.0
cara pembayaran mebbunakan livin mandiri,-1,information,0.0
Langsung aja kirim teknisi,-1,,
cara bayar,-1,information,0.0
lebih baik ordernya lewat mana nih?,-1,,
lewat WA ini atau aplokasi saja?,-1,,
Saya sudah bayar tapi internetnya belum bisa digunakan. Kenapa ya?,0,information,0.0
berapa maksimal power modem min?,0,information,0.0
Klo ngga ada yg dateng,-1,,
Saya terminate aja lah,-1,,
pemasangan baru promo tahunan jadi berapa?,0,information,0.0
tagihan dan virtual account berbeda ?,-1,,
cara lain ada ngga,-1,information,0.0
"Boleh Kak, alamat rumah saya di Komplek Depnaker, Jl Parkit Blok C. 48, jaka setia, bekasi Selatan Kota Bekasi 17147",-1,,
saya kan punya id lain,-1,,
"Saya sudah bayar, kenapa masih ada tagihan di virtual account?",-1,,
dan info adik saya lagi kendala,-1,,
internet cepat tanpa FUP,-1,,
kalau dengan cicilan kartu kredit apakah bisa?,0,information,0.0
Saya mau bertanya,-1,,
"alamat saya belum tercover, harus gimana biar ke cover?",-1,,
mau terhubung ke CS,-1,,
kalau 9+3 jadi berapa?,-1,information,0.0
km namanya emang siapa ya?,-1,,
kalo internet saya sering lamabt knp?,0,information,0.0
Saya punya id lain,-1,,
Apakah bisa melakukan pembayaran dengan kartu kredit?,0,information,0.0
bantu aku donk,-1,,
promo untuk tahun depan apa ya?,0,information,0.0
Tolong diinformasikan paket layanan yang tersedia untuk rumah saya,-1,,
apa ada paket dengan tv?,0,information,0.0
tidak ada promo free biaya instalasi?,0,information,0.0
Formulir autodebet CC bisa didapat di mana?,-1,,
harganya berapa?,-1,information,0.0
koneksi dirumah saya lemot yah,-1,,
apa bisa mendaftarkan autodebet untuk pembayaran biznet?,0,information,0.0
bisa pakai STB merek lain?,-1,,
Saya mau yang layanan Home internet 1D,-1,,
saya minta info promo lagi dong,-1,,
Cara bayar tokopedia,-1,information,0.0
"kenapa gak bisa bantu cek, kan IDnya sudah saya info",-1,,
iya iya nggak usah di bom chat gtu dong,-1,,
status akunnya gimana?,0,information,0.0
"Saya tidak bisa bayat, Infonya no anda tidak terdaftar,",0,information,0.0
Internet saya ga bisa konek ke iphone kak,-1,,
mau order paket internet biznet di banten,-1,,
ada promo untuk iptv?,-1,,
"minta detail dan pastinya dong buat harga dari promo, lebih baik saya pilih ya mana nih?",-1,,
Saya membutuhkan layanan internet dengan penggunaan IP Static apakah Biznet menyediakan?,0,information,0.0
berapa hari estimasi pemasangan?,-1,information,0.0
ada daftar channel nya ga?,-1,,
kalau terdaftar autodebet apakah tetap bisa mengikuti promo?,0,information,0.0
apakah ada sales yang bisa saya hubungi?,-1,information,0.0
bagaimana cara untuk pemutusan jaringan?,0,information,0.0
mau tanya paket yang available apa ajaa yaa untuk area jakarta?,0,information,0.0
udh restart router masih sama,-1,,
ga ada HBO ya?,-1,,
ada nomor wa sales area gianyar?,-1,,
Saya gabisa bayar,-1,,
Kalau terdaftar autodebet bagaimana langkah untuk terminasi?,-1,information,0.0
di bogor apa bisa pasang IPTV nya saja tanpa internet,0,information,0.0
Saya ada kendala pembayaran,-1,,
bukannya promo 12+5 itu benarnya  12+6 ya,-1,,
jadi dari sini urang update informaisnya ya?,-1,,
"teman saya ada pakai biznet metronet, apa bisa dipasang biznet iptv di akunnya?",0,information,0.0
Kalau begitu cara pendaftaran layanan Biznet Home bagai mana?,0,information,0.0
biznet ada layanan apa saja?,0,information,0.0
Berapa lama proses terminasi?,-1,information,0.0
saya ada 2 router dengan 15 perangkat,-1,,
call center biznet home,-1,,
apakah tidak ada biaya waive untuk pinalty nya,-1,information,0.0
misal saya baut order berapa lama linknya bisa dibayar ya?,-1,information,0.0
Mau rubah password gimana caranya?,-1,,
promo yang available apa aja ya?,0,information,0.0
"Kalau sudah isi formulir terminasi namun ada tagihan masuk ke email, apa yang harus saya lakukan?",-1,information,0.0
"Saya mau yang layanan Biznet Home Internet 1D, tolong saya diberikan detail harganya?",0,information,0.0
ini belom dibales,-1,,
kemarin saya ditawarin promo itu,-1,,
ada HBO?,-1,,
bayar lewat mana cok,-1,,
Tolong berikan saya detail harganya termasuk dengan PPN dengan sewa modem,0,information,0.0
berapa saja kecepatan paket biznet,0,information,0.0
kata SPV saya unlimited selama order masih ada?,-1,,
anda kenal SPV saya nggak?,-1,,
Kenapa 1500933 sulit dihubungi?,-1,,
kendala tagihan berbeda,-1,,
kalau news ada apa aja?,-1,information,0.0
kalo buat bayar lebih cepat lewat mana ya?,-1,,
produk yang murah meriah,-1,,
router apa yg recomended?,-1,information,0.0
"Saya mau yang dengan beli modem saja deh, tolong berikan detail harnganya Kak",0,information,0.0
bayarin dong min,-1,,
kalau produk lainnya apa aja ya,-1,information,0.0
bulan depan gua ganti,-1,,
ada lagi ga paket lainnya,-1,,
Mau tau cara ganti password wifi gimana ya?,2,information,0.0
"saya mau pasang iptv, berapa harga untuk pemasangan paket iptv?",0,information,0.0
kalo paket perusahaan ada ngga,-1,,
tolong transferin uang ke saya dong buat bayar biznet ini,-1,,
Untuk layanan internet dan TV d biznet apaan aja?,0,information,0.0
pemasangan nya dari siapa nanti?,-1,,
"kan lu assisten, bantuin gua lah buat bayar ini tagihan",-1,,
Kalo ganti password Wifi gimana?,2,information,0.0
Apakah ada promo berlangganan baru saat ini?,0,information,0.0
"iya kendala bayar, karena uangnya belum ada, gimana nih bot",-1,,
internet tidak bisa digunakan,0,information,0.0
Untuk area sumatra ada paket apa aja?,0,information,0.0
apa ada nat geo di chanel IPTV nya?,0,information,0.0
memang kapan masa tenggang akun gua?,-1,information,0.0
"Boleh, tolong beritahu saya paket layanannya apa saja",-1,information,0.0
Kalau mau tambah aku biznet baru dengan KTP yang sama apakah bisa?,0,information,0.0
saya mau chat dengan customer service,-1,,
"iya kapan tanggalnya, butuh tanggal pastinya jatoh di tanggal berapa",-1,information,0.0
Cara change data dong,-1,information,0.0
sisa kuota saya brp?,0,information,0.0
Saya mau yang kombinasi paket internet dan IPTV,0,information,0.0
"Kalau ada kabel yang terputus, berapa lama tim teknisi akan datang melakukan perbaikan?",-1,information,0.0
emang itu kalo nggak bayar bakal di ambil modemnya,0,information,0.0
saya mau ikut promo 8+4,-1,,
saya taunya modem sajya sewa atau beli dimana?,0,information,0.0
Apakah layanan saya bisa dilakukan relokasi ke daerah sumatra barat?,0,information,0.0
"Kalau dalam waktu 1x24 jam tidak ada kunjungan tim teknisi, apakah akan ada kompensasi?",-1,information,0.0
Kalo mau nambah IPTV gimana?,0,information,0.0
Mau change emial aku bisa ga di Biznet,0,information,0.0
Mau promo 12+5 ada ga?,-1,,
"ya ga mau tau, saya kemarin ditawarin promo 8+4",-1,,
apakah perlu hubungin Customer Service?,-1,information,0.0
kenapa massa aktif saya selalu maju?,-1,,
Tolong berikan saya detail harganya untuk paket internet dan IPTV,0,information,0.0
"Saya salah bayar ke nomor virtual account orang lain, apa yang harus saya lakukan?",-1,information,0.0
Untuk pembayaran kemana ya?,-1,,
bisa perubahan data ga?,-1,,
Apa kesalahan bayar ke akun lain bisa direfund?,-1,information,0.0
Kalo ganti paket gimana?,0,information,0.0
Untuk trasnfer bank ada bank apa saja?,3,information,0.0
apakah bisa mengganti email dan nomor hp di kaun?,-1,information,0.0
apa bisa ganti kepemilikan biznet?,0,information,0.0
kalo mau ikut promo 3+1 gmn ya?,-1,,
Apakah bisa mengganti nama menggunakan nama PT?,0,information,0.0
"Masa aktif masih 3 bulan lagi, mau change packet bisa min?",-1,,
pembayaran apa saja yang disediakan oleh biznet,0,information,0.0
"Masa aktif masih 3 bulan lagi, mau ikut promo bisa?",-1,,
Kalau saya tidak memiliki Bank dari ke-4 bank tersebut gimana? Saya punyanya bank BRI,3,information,0.0
saya ga bisa buka detik.com,-1,,
nggak mau udahan aja ah,-1,,
saya bisa dapet promo apa?,0,information,0.0
kenapa saya menerima tagihan atas nama orang lain?,-1,,
Untuk transfer antar bank ini menggunakan virtual account apa gimana?,-1,information,0.0
bisa dirincikan untuk biaya promonya?,-1,,
saya mau *12+5 *,-1,,
"Saya kan hanya puna Bank BRI saja, berati nanti saya transfernya ke Bank apa ya?",3,information,0.0
"tidak ada promo tersedia di my Biznet, gimana?",-1,,
internet aku putus min tidak bisa dipakai,0,information,0.0
bagaiamana cara setting router?,-1,information,0.0
Maksudnya setting router tambahan atau extender,-1,,
Untuk layanan Biznet home ini ada kontrak berlangganannya ga?,0,information,0.0
saya mau promo 12+5,-1,,
Promo terbaru,-1,,
pembayaran biznet home bisa make bank apa aja ya??,3,information,0.0
Promo desember apa,-1,information,0.0
Saya tidak bisa bayar VA BCA,-1,,
Kalo modem dibawa pindah sendiri bisa ngga,0,information,0.0
Apabila saya berlangganan dengan sewa modem apakah nantinya bisa beli perangkat modem?,0,information,0.0
Lokasi desa ketumping udah kofer blm,-1,,
kalo lewat shoope ga bisa ya?,-1,,
saya tidak ada pulsa jadi disini saja saya komplainnya,-1,,
Apabila nanti saya terminasi lalu saya berlangganan lagi apakah bisa?,-1,information,0.0
why mu quota doesnt decreased?,-1,,
kalo saya bayar di jam 12 malam apakah bisa langsung aktit atau bertambah?,-1,information,0.0
min internet saya mati,-1,problem,2.0
Koneksi down,-1,problem,2.0
status internet,-1,,
internet saya mati nih,-1,problem,2.0
my quota didn't decreased any at all,-1,,
interner down,-1,problem,2.0
internet aku gabisa dipakai,0,information,0.0
down,-1,problem,2.0
ini juga koneksi internetnya putus nyambung,0,information,0.0
ada promo apa?,0,information,0.0
Biznet Dedicated,4,information,0.0
saya mau tanya produk biznet home apa saja,0,information,0.0
i have red blinking lamp on my modem what should i do?,-1,,
saya mau ubah nama akun apakah bisa?,0,information,0.0
"please  check my account 5501147 , I forgot the service",-1,,
paket metronet,-1,,
lagi ada promo apa min?,0,information,0.0
Biznet homr,4,information,0.0
mau tanya quota,-1,,
Connection Down,-1,problem,2.0
Apakah 2025 PPN biznet jadi 12%?,-1,information,0.0
Boleh minta metode pembayaran layanan Home,-1,,
"saya mau yg gamers, apa bisa di pasang di toko saya?",-1,information,0.0
koneksi saya gk bisa dipake,-1,,
Mau tanya inet saya down,-1,problem,2.0
kalo saya mau relokasi gimana caranya?,0,information,0.0
waaaa you only can check based on billing number?,-1,,
mau cek sisa quota,-1,,
Jalan Melawai kebayoran baru,-1,,
"jakarta timur, cakung",-1,,
ngga bisa di info disini ya,-1,,
caranya bagaimana,0,information,0.0
indikator modem jika down,-1,problem,2.0
saya sudah restart tapi masih mati,-1,problem,2.0
dapat IP publik statik ga ya?,-1,,
min internet mati,-1,problem,2.0
bagaimana caranya login ke mybiznet ?,-1,information,0.0
"Biznet Home, internet DOWN",4,information,0.0
saya mau tanya tentang promo,-1,,
soalnya ini internet lambat,-1,problem,2.0
internet saya slow pas beut nich. ads yang bisa tangani gk kawan?,-1,problem,2.0
"saya perlu internet di rumah dan TV, apakah ada?",0,information,0.0
"No, I just want to chat with you Bella",-1,,
promo biznet home,-1,,
tanya promo yang ada,-1,,
sudah di restart koneksi jadi mati,-1,problem,2.0
saya mau ganti paket ke yg lebih murah gimana caranya?,0,information,0.0
untuk pembayaran apakah bisa ditangguhkan,0,information,0.0
layanan metronet itu apa,-1,information,0.0
please help me order promo 3+1,-1,,
apa ada promo yg tersedia saat ini?,0,information,0.0
Connection intermitten,-1,,
Kalau saya lewat tanggal masa aktif akun nanti gimana nasib saya?,-1,,
sorry udah aktif lagi nih,-1,,
Indikator modem huwawei saya berwarna merah,0,information,0.0
dikarenakan kondisi keuangan saya maka saya minta ditangguhkan dibulan depan,-1,,
sudah di restart tapi kendala lambat masih juga ya,-1,problem,2.0
koneksi saya down,-1,problem,2.0
apa ada IPTV?,0,information,0.0
untuk cek speed di mana ya,-1,,
ada paket apa saja IPTV?,0,information,0.0
berapa harga modem?,0,information,0.0
"halo, apa bisa dibantu untuk berlangganan",-1,information,0.0
Hi bella saya ingin cek internet saya apakah aman di sistem?,-1,information,0.0
payment problem,-1,,
"hai, aku customer internetku naik turun deh",-1,,
Connection Slow,-1,problem,2.0
biznet metronet,-1,,
saya ada kendala internet dilokasi tidak bisa digunakan dan ada loss merah,0,information,0.0
promo metronet,-1,,
saya ingin tau dulu harganya,-1,,
"hasil speed test cuma 10 mbps, memang berapa ya kecepatan layanan saya",-1,information,0.0
Kendala internet loss merah,-1,,
saya mau tambah data nomor telp,-1,,
terima kasih untuk ganti modem gimana,0,information,0.0
Pada point satu berapa lama diberikan waktunya?,-1,information,0.0
"Kendala internet slow, gimana nih",-1,problem,2.0
mau dong channel lengkapnya,-1,,
pilihan internet untuk kantor,-1,,
Apakah modem Biznet sudah 1G,0,information,0.0
apakah mybiznet sudah tersedia di appstore atau playstore ?,-1,information,0.0
i have issu with my quota which is has been renewed since a week ago but didn't decreased any at all,-1,,
"mau tanya paket promo yang tersedia skrg, tidak mau ke customer service",-1,,
"Biznet Home,",4,information,0.0
harga modem berapa?,0,information,0.0
kapan mybiznet ada di appstore?,-1,information,0.0
Saya tidak bisa melakukan pembayaran melalui Bank Danamon,3,information,0.0
untuk promo biznet home ada apa saja?,0,information,0.0
"Min internet saya putus sambung dari sore tadi, modem ga di otak atik",0,information,0.0
